   ,COA_CODE,COA_DESCRIPTION
1,1011104006,PROJECT FIXED ASSETS
2,1011108008,ACCUMULATED DEPRECIATION ( FMS ) 
3,1011108010,ACCUMULATED DEPRECIATION - PROJECT ASSETS (NUF)
4,1011404004,ASSETS SUBJECT TO FINANCE LEASE ( FMS ) 
5,1011408008,ACCUMULATED DEPRECIATION: LEASE ASSETS ( FMS ) 
6,1011804004,INTANGIBLE ASSETS ( FMS ) 
7,1011808008,ACCUMULATED DEPRECIATION: INTANGIBLE ASSETS ( FMS ) 
8,1012104004,CAPITAL WORK IN PROGRESS ( FMS ) 
9,1012108004,LONG TERM INVESTMENTS ( FMS ) 
10,1012116004,SECURITY DEPOSITS RECEIVABLE ( FMS ) 
11,1013104004,STORES AND SPARES ( FMS ) 
12,1013104008,STOCKS ( FMS ) 
13,1013116004,A/R : CORPORATE CLIENTS ( FMS ) 
14,1013116008,A/R : DISCOUNT TO CORPORATE CLIENTS ( FMS ) 
15,1013116010,A/R: CREDIT CARD ( FMS ) 
16,1013116012,A/R : COLLECTION CENTRES ( FMS ) 
17,1013116020,RECEIVABLE FROM PATIENTS ( FMS ) 
18,1013116022,ADVANCE TAX ( FMS ) 
19,1013116024,A/R : OTHERS ( FMS ) 
20,1013116034,GRANT RECEIVABLE ( FMS ) 
21,1013116040,RECEIVABLES FROM STUDENTS ( FMS ) 
22,1013120004,PROVISION FOR DOUBTFUL RECEIVABLES ( FMS ) 
23,1013120010,PROVISION FOR DOUBTFUL DEBTS ( FMS ) 
24,1013124004,LETTER OF CREDIT ( L/C) ( FMS ) 
25,1013124008,TELEGRAPHIC TRANSFERS: TT ( FMS ) 
26,1013128008,ADVANCES TO SUPPLIERS  (OPS) ( FMS ) 
27,1013132004,STAFF ADVANCE AGAINST SALARY ( FMS ) 
28,1013132016,STAFF ADVANCES AGAINST LOCAL PURCHASE
29,1013132020,STAFF LOANS ( FMS ) 
30,1013132024,STAFF ADVANCES FOR EXPENSES ( FMS ) 
31,1013132028,STAFF LOANS ( FMS ) 
32,1013136002,PREPAID RENT ( FMS ) 
33,1013136004,PREPAID INSURANCE ( FMS ) 
34,1013136016,PREPAYMENTS : OTHERS ( FMS ) 
35,1013144004,CASH IN HAND ( FMS ) 
36,1013144008,CASH IMPREST ( FMS ) 
37,1013144012,BANK ACCOUNTS
38,1021104014,LOANS FROM BANKS ( FMS ) 
39,1021108004,DEFERRED REVENUE
40,1021108008,LONG TERM PAYABLES ( FMS ) 
41,1022104004,TRADE CREDITORS ( FMS ) 
42,1022108004,ACCOUNTS PAYABLE ( FMS ) 
43,1022108012,A/CS PAYABLE : SECURITY DEPSOIT/EARNEST MONEY ( FMS ) 
44,1022108032,ADVANCE AGAINST VEHICLES ( FMS ) 
45,1022108036,BUILDING FUND ( FMS ) 
46,1022116004,ACCRUED EXPENSES ( FMS ) 
47,1022120008,CURRENT LIABILITIES : MISC. ( FMS ) 
48,1022120010,SHORT TERM LOANS FROM BANKS
49,1022120012,LONG TERM LOANS - CURRENT PORTION ( FMS ) 
50,1022124004,ADVANCES FROM CUSTOMERS ( FMS ) 
51,1022124006,ADVANCES FEE FROM STUDENTS ( FMS ) 
52,1022124008,DONOR FUND FOR PATIENTS ( FMS ) 
53,1022124012,EMPLOYEE WELFARE FUND ( FMS ) 
54,1022124016,EMPLOYEE DEATH CLAIM ( FMS ) 
55,1022124020,ADVANCES FROM PATIENTS ( FMS ) 
56,1031104004,GENERAL FUND ( FMS ) 
57,1031104008,RELEIF FUND ( FMS ) 
58,1031104010,INTER-UNIT TRANSFERS ( FMS ) 
59,1031104012,INTER-UNIT TRANSFERS (MANUAL)
60,1061104004,OPERATING REVENUE : IPD PRIVATE ( FMS ) 
61,1061104006,OPERATING REVENUE - FINANCIAL SUPPORT
62,1061104008,OPERATING REVENUE : IPD GENERAL ( FMS ) 
63,1061104012,OPERATING REVENUE : IPD CORPORATE ( FMS ) 
64,1061104015,OPERATING REVENUE : OPD PRIVATE ( FMS ) 
65,1061104020,OPERATING REVENUE : OPD GENERAL ( FMS ) 
66,1061104024,OPERATING REVENUE : OPD CORPORATE ( FMS ) 
67,1061104028,OPERATING REVENUE : OPD PVT PROCEDURE ( FMS ) 
68,1061104030,OPERATING REVENUE : OPD GEN PROCEDURE ( FMS ) 
69,1061104032,OPERATING REVENUE - CORPORATE DISOCUNTS
70,1061104036,OPERATING REVENUE - NON CORPORATE DISCOUNT
71,1061504004,TUITION FEE ( FMS ) 
72,1061504005,POST GRADUATE DIPLOMA
73,1061504006,ACTIVITY FUND - NIU ( FMS ) 
74,1061504007,ALUMINI FUND - NIU ( FMS ) 
75,1061504008,LICENSE FEE ( FMS )
76,1061504009,DPT MULLIGAN WORKSHOP
77,1061504010,LAB CHARGES - NIU ( FMS ) 
78,1061504012,FINANCIAL CHARGES ( FMS ) 
79,1061504016,UHS DEGREE FEE ( FMS ) 
80,1061504020,UHS EXAMINATION FEE ( FMS ) 
81,1061504024,ADMISSION FEE ( FMS ) 
82,1061504028,UHS 5.5% SERVICE CHARGES ( FMS ) 
83,1061504030,LIBRARY FUND
84,1061504031,SEMESTER ENROLLMENT FEE
85,1061504032,EXAMINATION FEE
86,1061504033,THESIS FEE
87,1061904004,OPERATING REVENUE - PROJECT ( FMS ) 
88,1061904006,OPERATING REVENUE - PROJECT REIMBURSEMENT (FMS)
89,1061904008,OPERATING REVENUE - WORKSHOP ( FMS ) 
90,1061904010,RELEIF ACTIVITIES - DONATIONS
91,1061904012,OPERATING REVENUE - INTERNSHIP INCOME ( FMS ) 
92,1061904016,OPERATING REVENUE - SHAFAKHANA INCOME ( FMS ) 
93,1061904020,OPERATING REVENUE - TUTION FEE ( FMS ) 
94,1062104004,SADQA - OTHERS
95,1062104024,DONATION LOCAL : OTHERS ( FMS ) 
96,1062112016,ZAKAT LOCAL : OTHERS ( FMS ) 
97,1062120004,INCOME FROM DEPOSITS : LOCAL CURRENCY A/C ( FMS ) 
98,1062128004,MISC. INCOME : OTHERS ( FMS ) 
99,1062128008,MISC. INCOME : PROFESSIONAL SERVICES ( FMS ) 
100,1062504004,PROSPECTUS SALE ( FMS ) 
101,1062504008,APPLICATION FEE ( FMS ) 
102,1062504012,NEW HOSTEL FEE ( FMS ) 
103,1062504016,INCOME OUTREACH PROGRAM ( FMS ) 
104,1062504020,PG TRAINING TEST FEE ( FMS ) 
105,1062504024,INCOME FROM GROUP LIFE INSURANCE ( FMS ) 
106,1062504028,EVENT MANAGEMENT INCOME ( FMS ) 
107,1062504032,CONTINUING MEDICAL EDUCATION ( FMS ) 
108,1062504036,CME TRAINING FOR CANADIAN TRAINEES ( FMS ) 
109,1062504040,OTHER INCOME ( FMS ) 
110,1062904002,DONATION FOR EDUCATION ( FMS ) 
111,1062904004,DONATION : MRS. SHAHIMA REHMAN ( FMS ) 
112,1062904008,SADQA : MRS. SHAHIMA REHMAN ( FMS ) 
113,1062904012,ZAKAT: MRS. SHAHIMA REHMAN ( FMS ) 
114,1062904016,DONATION : OTHERS ( FMS ) 
115,1062904020,ZAKAT : OTHERS ( FMS ) 
116,1071104001,GOVT. ZAKAT MEDICINE EXPENSE ( FMS ) 
117,1071104004,MEDICINE & DRUGS CONSUMPTION ( FMS ) 
118,1071104006,SAHET INSFAR CARD CONSUMPTION (FMH)
119,1071104008,ER PHARMACY
120,1071104010,PHARMACY MEDICINE WAREHOUSE
121,1071104012,OT DISPENSING STORE
122,1071104014,LABOR ROOM DISPENSING STORE
123,1071108004,NURSING & SURGICAL SUPPLIES ( FMS ) 
124,1071108005,PATHOLOGY SUPPLIES ( FMS ) 
125,1071108006,RADIOLOGY CONSUMPTION ( FMS ) 
126,1071108007,LINEN AND UNIFORM ( FMS ) 
127,1071108008,GENERAL STORE CONSUMPTION
128,1071108009,MEDICAL GASES ( FMS ) 
129,1071108010,OTHER CONSUMABLES ( FMS ) 
130,1071108011,IOL KITS ( FMS ) 
131,1071108012,DENTAL SUPPLIES ( FMS ) 
132,1071108013,REPAIR AND MAINTENANCE SUPPLIES ( FMS ) 
133,1071108014,PRINTING AND STATIONERY CONSUMPTION ( FMS ) 
134,1071108015,IT CONSUMABLES
135,1071108016,LINEN AND UNIFORM - OTHERS (FMH)
136,1071108018,PATHOLOGY SUPPLIES - OTHERS
137,1071108020,PRINTING AND STATIONERY CONSUMPTION -OTHERS (FMH)
138,1071108022,BIO MEDICAL STORES
139,1071108024,BIO MEDICAL CONSUMPTION - OTHERS
140,1071108026,REPAIR & MAINTENANCE – OTHERS (FMH)
141,1071110004,CORPORATE DISCOUNT ( FMS ) 
142,1071110008,FINANCIAL SUPPORT ( FMS ) 
143,1071112004,PAYROLL: ( FMS ) 
144,1071112006,SOCIAL SECURITY EXPENSE
145,1071112008,STAFF HEALTH SCHEME
146,1071112012,INCENTIVES/BONUSES: ( FMS ) 
147,1071112020,P.F EMPLOYER CONTRIBUTION: ( FMS ) 
148,1071112023,CONTINUING MEDICAL EDUCATION ( FMS ) 
149,1071112024,EOBI CONTRIBUTION: ( FMS ) 
150,1071112030,OTHER WAGES (ABNI)
151,1071116006,CONSULTANT FEE - IPD ( FMS )
152,1071116010,CONSULTANT FEE - OPD (FMS)
153,1071120004,UTILITIES : DEPARTMENTAL ( FMS ) 
154,1071120008,UTILITIES : BILLS ( FMS ) 
155,1071124004,REPAIR & MAINTENANCE ( FMS ) 
156,1071128004,VEHICLE RUNNING : DEPARTMENTAL ( FMS ) 
157,1071128012,VEHICLE RUNNING : MAINTENANCE ( FMS ) 
158,1071132012,POSTAGE & COURIER : DEPARTMENTAL ( FMS ) 
159,1071136008,PRINTING & STATIONARY : STATIONERY SUPPLIES CONSUMPTION. ( FMS ) 
160,1071140004,TRAVELING & CONVEYANCE ( FMS ) 
161,1071140006,TRANSPORTATION CHARGES ( FMS ) 
162,1071144004,PROMOTIONAL & DEVELOPMENT ( FMS ) 
163,1071148008,ZAKAT CAMPAIGN EXPENSES ( FMS ) 
164,1071148012,EVENTS AND CAMPAIGNS ( FMS ) 
165,1071156004,GROUP INSURANCE ( FMS ) 
166,1071156008,HEALTH INSURANCE ( FMS ) 
167,1071156012,INSURANNCE EXPENSE ( FMS ) 
168,1071160004,RECRUITMENT ( FMS ) 
169,1071160008,TRAINING ( FMS ) 
170,1071160009,BENEVOLENCE EXPENSE ( FMS ) 
171,1071168004,LEGAL AND PROFESSIONAL ( FMS ) 
172,1071172004,OUTSOURCED SERVICES ( FMS ) 
173,1071172006,CONTRACTED/OUTSOURCED SERVICES - OTHERS ( FMS ) 
174,1071172008,RESEARCH EXPENSE (NIU)
175,1071176002,RENT -596 SHADMAN 1 ( SECURITY GUARDS ) ( FMS ) 
176,1071176004,RENT ( FMS ) 
177,1071176005,RENT -(SHAMA HOSTEL) 41 RASOOL PARK ICHHRA ( FMS ) 
178,1071176006,RENT -FEMALE DOCTORS HOSTAL 947 SHADMAN LAHORE ( FMS ) 
179,1071176007,RENT -680 SHADMAN (MALE DOCTOR/GRADUATES HOSTEL) ( FMS ) 
180,1071176008,TAXES ( FMS ) 
181,1071176009,RENT - (FEMALE NURSING HOSTEL) 623-SHADMAN 1 LHR
182,1071176012,FEES ( FMS ) 
183,1071178004,MISC. DEDUCTION AGAINST RECEIVABLES
184,1071178006,BAD DEBTS EXPENSE ( FMS ) 
185,1071180004,DEPRECIATION EXPENSE ( FMS ) 
186,1071180008,DEPRECIATION EXPENSE :LEASE ASSETS ( FMS ) 
187,1071180012,AMORTISATION OF INTANGIBLE ASSTES ( FMS ) 
188,1071184004,MISC EXPENSES : OTHERS ( FMS ) 
189,1071184005,SECURITY SERVICES (PHOENIX ARMOUR PVT LIMITED) ( FMS ) 
190,1071184006,"DR ASIM MALIK(EQUIPMENT USED, AUTO SONEX ETC) ( FMS ) "
191,1071184008,MISC EXPENSES : DEPARTMENTAL ( FMS ) 
192,1071184012,ENTERTAINMENT ( FMS ) 
193,1071184018,OUTSOURCED LAB TEST ( FMS ) 
194,1071184020,OTHER DISOCUNTS
195,1071504004,SCHOLARSHIP EXPENSE ( FMS ) 
196,1071504008,EXAMINATION EXPENSE ( FMS ) 
197,1071504012,OUTREACH PROGRAM EXPENSE ( FMS ) 
198,1071504016,FACULTY CONTINUING PROFESSIONAL DEVELOPMENT (CPD) ( FMS ) 
199,1071504020,STUDENTS ACTIVITY EXPENSE ( FMS ) 
200,1071504024,STIPEND - SWCON ( FMS ) 
201,1071904004,FOOD BANK ( FMS ) 
202,1071904008,EDUCATION FUND ( FMS ) 
203,1071904010,RELEIF ACTIVITIES EXPENSE
204,1071904012,WORKSHOP EXPENSES ( FMS ) 
205,1071904016,DESIGNING EXPENSES ( FMS ) 
206,1071904020,MATERIAL PURCHASED ( FMS ) 
207,1071904022,IT EQUIPMENT REIMBURSEMENT
208,1071904024,LABOUR COST ( FMS ) 
209,1071904028,ZAKAT EXPENSES - MRS. SHAHIMA REHMAN ( FMS ) 
210,1071904032,DONATION EXPENSES - MRS. SHAHIMA REHMAN ( FMS ) 
211,1071904036,DONATION CAMPAIGN EXPENSES - OTHERS ( FMS ) 
212,1071904040,WELFARE & RELIEF ( FMS ) 
213,1071904044,INTERNSHIP PROGRAM EXPENSE ( FMS ) 
214,1072104012,BANK CHARGES ( FMS ) 
215,1072104020,MARKUP EXPENSE ( FMS ) 
216,1111104004,OPERATING ASSETS ( FMH ) 
217,1111108008,ACCUMULATED DEPRECIATION ( FMH ) 
218,1111404004,ASSETS SUBJECT TO FINANCE LEASE ( FMH ) 
219,1111408008,ACCUMULATED DEPRECIATION: LEASE ASSETS ( FMH ) 
220,1111804004,INTANGIBLE ASSETS ( FMH ) 
221,1111808008,ACCUMULATED DEPRECIATION: INTANGIBLE ASSETS ( FMH ) 
222,1112104004,CAPITAL WORK IN PROGRESS ( FMH ) 
223,1112108004,LONG TERM INVESTMENTS ( FMH ) 
224,1112116004,SECURITY DEPOSITS RECEIVABLE ( FMH ) 
225,1113104004,STORES AND SPARES ( FMH ) 
226,1113104008,STOCKS ( FMH ) 
227,1113116004,A/R : CORPORATE CLIENTS ( FMH ) 
228,1113116008,A/R : DISCOUNT TO CORPORATE CLIENTS ( FMH ) 
229,1113116010,A/R: CREDIT CARD ( FMH ) 
230,1113116012,A/R : COLLECTION CENTRES ( FMH ) 
231,1113116020,RECEIVABLE FROM PATIENTS ( FMH ) 
232,1113116022,ADVANCE TAX ( FMH ) 
233,1113116024,A/R : OTHERS ( FMH ) 
234,1113116034,GRANT RECEIVABLE ( FMH ) 
235,1113116040,RECEIVABLES FROM STUDENTS ( FMH ) 
236,1113120004,PROVISION FOR DOUBTFUL RECEIVABLES ( FMH ) 
237,1113120010,PROVISION FOR DOUBTFUL DEBTS ( FMH ) 
238,1113124004,LETTER OF CREDIT ( L/C) ( FMH ) 
239,1113124008,TELEGRAPHIC TRANSFERS: TT ( FMH ) 
240,1113128008,ADVANCES TO SUPPLIERS  (OPS) ( FMH ) 
241,1113132004,STAFF ADVANCE AGAINST SALARY ( FMH ) 
242,1113132016,STAFF ADVANCES AGAINST LOCAL PURCHASE (FMH)
243,1113132020,STAFF LOANS ( FMH ) 
244,1113132024,STAFF ADVANCES ( FMH ) 
245,1113132028,STAFF LOANS ( FMH ) 
246,1113136002,PREPAID RENT ( FMH ) 
247,1113136004,PREPAID INSURANCE ( FMH ) 
248,1113136016,PREPAYMENTS : OTHERS ( FMH ) 
249,1113144004,CASH IN HAND ( FMH ) 
250,1113144008,CASH IMPREST ( FMH ) 
251,1113144012,BANK ACCOUNTS
252,1121104014,LOANS FROM BANKS ( FMH ) 
253,1121108008,LONG TERM PAYABLES ( FMH ) 
254,1122104004,TRADE CREDITORS ( FMH ) 
255,1122108004,ACCOUNTS PAYABLE ( FMH ) 
256,1122108012,A/CS PAYABLE : SECURITY DEPSOIT/EARNEST MONEY ( FMH ) 
257,1122108032,ADVANCE AGAINST VEHICLES ( FMH ) 
258,1122108036,BUILDING FUND ( FMH ) 
259,1122116004,ACCRUED EXPENSES ( FMH ) 
260,1122120008,CURRENT LIABILITIES : MISC. ( FMH ) 
261,1122120010,SHORT TERM LOANS FROM BANKS
262,1122120012,LONG TERM LOANS - CURRENT PORTION ( FMH ) 
263,1122124004,ADVANCES FROM PATIENT ( FMH )
264,1122124006,ADVANCES FEE FROM STUDENTS ( FMH ) 
265,1122124008,DONOR FUND FOR PATIENTS ( FMH ) 
266,1122124012,EMPLOYEE WELFARE FUND ( FMH ) 
267,1122124016,EMPLOYEE DEATH CLAIM ( FMH ) 
268,1122124020,ADVANCES FROM PATIENTS ( FMH ) 
269,1131104004,GENERAL FUND ( FMH ) 
270,1131104008,RELEIF FUND ( FMH ) 
271,1131104010,INTER-UNIT TRANSFERS ( FMH ) 
272,1131104012,INTER-UNIT TRANSFERS (MANUAL)
273,1161104004,OPERATING REVENUE : IPD PRIVATE ( FMH ) 
274,1161104006,OPERATING REVENUE - FINANCIAL SUPPORT
275,1161104008,OPERATING REVENUE : IPD GENERAL ( FMH ) 
276,1161104012,OPERATING REVENUE : IPD CORPORATE ( FMH ) 
277,1161104015,OPERATING REVENUE : OPD PRIVATE ( FMH ) 
278,1161104020,OPERATING REVENUE : OPD GENERAL ( FMH ) 
279,1161104024,OPERATING REVENUE : OPD CORPORATE ( FMH ) 
280,1161104028,OPERATING REVENUE : OPD PVT PROCEDURE ( FMH ) 
281,1161104030,OPERATING REVENUE : OPD GEN PROCEDURE ( FMH ) 
282,1161104032,OPERATING REVENUE - CORPORATE DISOCUNTS
283,1161104036,OPERATING REVENUE - NON CORPORATE DISCOUNT  (FMH)
284,1161504004,TUITION FEE ( FMH ) 
285,1161504006,ACTIVITY FUND - NIU ( FMH ) 
286,1161504007,ALUMINI FUND - NIU ( FMH ) 
287,1161504008,LICENSE FEE (FMH) 
288,1161504010,LAB CHARGES - NIU ( FMH ) 
289,1161504012,FINANCIAL CHARGES ( FMH ) 
290,1161504016,UHS DEGREE FEE ( FMH ) 
291,1161504020,UHS EXAMINATION FEE ( FMH ) 
292,1161504024,ADMISSION FEE ( FMH ) 
293,1161504028,UHS 5.5% SERVICE CHARGES ( FMH ) 
294,1161904004,OPERATING REVENUE - PROJECT ( FMH ) 
295,1161904008,OPERATING REVENUE - WORKSHOP ( FMH ) 
296,1161904012,OPERATING REVENUE - INTERNSHIP INCOME ( FMH ) 
297,1161904016,OPERATING REVENUE - SHAFAKHANA INCOME ( FMH ) 
298,1161904020,OPERATING REVENUE - TUTION FEE ( FMH ) 
299,1162104004,SADQA - OTHERS
300,1162104024,DONATION LOCAL : OTHERS ( FMH ) 
301,1162112016,ZAKAT LOCAL : OTHERS ( FMH ) 
302,1162120004,INCOME FROM DEPOSITS : LOCAL CURRENCY A/C ( FMH ) 
303,1162128004,MISC. INCOME : OTHERS ( FMH ) 
304,1162128008,MISC. INCOME : PROFESSIONAL SERVICES ( FMH ) 
305,1162504004,PROSPECTUS SALE ( FMH ) 
306,1162504008,APPLICATION FEE ( FMH ) 
307,1162504012,NEW HOSTEL FEE ( FMH ) 
308,1162504016,INCOME OUTREACH PROGRAM ( FMH ) 
309,1162504020,FMHC CLINICAL TRAINING CHARGES ( FMH )
310,1162504024,INCOME FROM GROUP LIFE INSURANCE ( FMH ) 
311,1162504028,RE-IMBURSEMENT AGAINST GENERAL PATIENT ( FMH )
312,1162504032,CONTINUING MEDICAL EDUCATION ( FMH ) 
313,1162504036,CME TRAINING FOR CANADIAN TRAINEES ( FMH ) 
314,1162504040,OTHER INCOME ( FMH ) 
315,1162904002,DONATION FOR EDUCATION ( FMH ) 
316,1162904004,DONATION : MRS. SHAHIMA REHMAN ( FMH ) 
317,1162904008,SADQA : MRS. SHAHIMA REHMAN ( FMH ) 
318,1162904012,ZAKAT: MRS. SHAHIMA REHMAN ( FMH ) 
319,1162904016,DONATION : OTHERS ( FMH ) 
320,1162904020,ZAKAT : OTHERS ( FMH ) 
321,1171104001,GOVT. ZAKAT MEDICINE EXPENSE ( FMH ) 
322,1171104004,MEDICINE & DRUGS CONSUMPTION ( FMH ) 
323,1171104006,SAHET INSFAR CARD CONSUMPTION (FMH)
324,1171104008,ER PHARMACY
325,1171104010,PHARMACY MEDICINE WAREHOUSE
326,1171104012,OT DISPENSING STORE
327,1171104014,LABOR ROOM DISPENSING STORE
328,1171108004,NURSING & SURGICAL SUPPLIES ( FMH ) 
329,1171108005,PATHOLOGY SUPPLIES ( FMH ) 
330,1171108006,OTHER CLINICAL STOCK CONSUMPTION ( FMH ) 
331,1171108007,LINEN AND UNIFORM ( FMH ) 
332,1171108008,GENERAL STORE CONSUMPTION
333,1171108009,MEDICAL GASES ( FMH ) 
334,1171108010,OTHER CONSUMABLES ( FMH ) 
335,1171108011,IOL KITS ( FMH ) 
336,1171108012,DENTAL SUPPLIES ( FMH ) 
337,1171108013,REPAIR AND MAINTENANCE SUPPLIES ( FMH ) 
338,1171108014,PRINTING AND STATIONERY CONSUMPTION ( FMH ) 
339,1171108015,IT CONSUMABLES
340,1171108016,LINEN AND UNIFORM - OTHERS (FMH)
341,1171108018,PATHOLOGY SUPPLIES - OTHERS  (FMH)
342,1171108020,PRINTING AND STATIONERY CONSUMPTION -OTHERS (FMH)
343,1171108022,BIO MEDICAL STORES  (FMH)
344,1171108024,BIO MEDICAL CONSUMPTION - OTHERS  (FMH)
345,1171108026,REPAIR & MAINTENANCE – OTHERS (FMH)
346,1171110004,CORPORATE DISCOUNT ( FMH ) 
347,1171110008,FINANCIAL SUPPORT ( FMH ) 
348,1171112004,PAYROLL ( FMH )
349,1171112006,SOCIAL SECURITY EXPENSE
350,1171112008,STAFF HEALTH SCHEME
351,1171112012,INCENTIVES/BONUSES: ( FMH ) 
352,1171112020,P.F EMPLOYER CONTRIBUTION: ( FMH ) 
353,1171112023,CONTINUING MEDICAL EDUCATION ( FMH ) 
354,1171112024,EOBI CONTRIBUTION: ( FMH ) 
355,1171116006,CONSULTANT FEE - IPD ( FMH )
356,1171116010,CONSULTANT FEE - OPD ( FMH )
357,1171120004,UTILITIES : DEPARTMENTAL ( FMH ) 
358,1171120008,UTILITIES : BILLS ( FMH ) 
359,1171124004,REPAIR & MAINTENANCE - SERVICES
360,1171128004,VEHICLE RUNNING : DEPARTMENTAL ( FMH ) 
361,1171128012,VEHICLE RUNNING : MAINTENANCE ( FMH ) 
362,1171132012,POSTAGE & COURIER : DEPARTMENTAL ( FMH ) 
363,1171136008,PRINTING & STATIONARY : STATIONERY SUPPLIES CONSUMPTION ( FMH ) 
364,1171140004,TRAVELING & CONVEYANCE ( FMH ) 
365,1171140006,TRANSPORTATION CHARGES ( FMH ) 
366,1171144004,PROMOTIONAL & DEVELOPMENT ( FMH ) 
367,1171148008,ZAKAT CAMPAIGN EXPENSES ( FMH ) 
368,1171148012,EVENTS AND CAMPAIGNS ( FMH ) 
369,1171156004,GROUP INSURANCE ( FMH ) 
370,1171156008,HEALTH INSURANCE ( FMH ) 
371,1171156012,INSURANNCE EXPENSE ( FMH ) 
372,1171160004,RECRUITMENT ( FMH ) 
373,1171160008,TRAINING ( FMH ) 
374,1171160009,BENEVOLENCE EXPENSE ( FMH ) 
375,1171168004,LEGAL AND PROFESSIONAL ( FMH ) 
376,1171172004,OUTSOURCED SERVICES ( FMH ) 
377,1171172006,CONTRACTED/OUTSOURCED SERVICES - OTHERS ( FMH ) 
378,1171176002,RENT -596 SHADMAN 1 ( SECURITY GUARDS ) ( FMH ) 
379,1171176004,RENT ( FMH ) 
380,1171176005,RENT -(SHAMA HOSTEL) 41 RASOOL PARK ICHHRA ( FMH ) 
381,1171176006,RENT -FEMALE DOCTORS HOSTAL 947 SHADMAN LAHORE ( FMH ) 
382,1171176007,RENT -680 SHADMAN (MALE DOCTOR/GRADUATES HOSTEL) ( FMH ) 
383,1171176008,TAXES ( FMH ) 
384,1171176009,RENT - (FEMALE NURSING HOSTEL) 623-SHADMAN 1 LHR
385,1171176012,FEES ( FMH ) 
386,1171178004,MISC. DEDUCTION AGAINST RECEIVABLES  (FMH)
387,1171178006,BAD DEBTS EXPENSE ( FMH ) 
388,1171180004,DEPRECIATION EXPENSE ( FMH ) 
389,1171180008,DEPRECIATION EXPENSE :LEASE ASSETS ( FMH ) 
390,1171180012,AMORTISATION OF INTANGIBLE ASSTES ( FMH ) 
391,1171184004,MISC EXPENSES : OTHERS ( FMH ) 
392,1171184005,SECURITY SERVICES (PHOENIX ARMOUR PVT LIMITED) ( FMH ) 
393,1171184006,"DR ASIM MALIK(EQUIPMENT USED, AUTO SONEX ETC) ( FMH ) "
394,1171184008,MISC EXPENSES : DEPARTMENTAL ( FMH ) 
395,1171184012,ENTERTAINMENT ( FMH ) 
396,1171184018,OUTSOURCED LAB TEST ( FMH ) 
397,1171184020,OTHER DISOCUNTS  (FMH)
398,1171504004,SCHOLARSHIP EXPENSE ( FMH ) 
399,1171504008,EXAMINATION EXPENSE ( FMH ) 
400,1171504012,OUTREACH PROGRAM EXPENSE ( FMH ) 
401,1171504016,FACULTY CONTINUING PROFESSIONAL DEVELOPMENT (CPD) ( FMH ) 
402,1171504020,STUDENTS ACTIVITY EXPENSE ( FMH ) 
403,1171504024,STIPEND - SWCON ( FMH ) 
404,1171904004,FOOD BANK ( FMH ) 
405,1171904008,EDUCATION FUND ( FMH ) 
406,1171904012,WORKSHOP EXPENSES ( FMH ) 
407,1171904016,DESIGNING EXPENSES ( FMH ) 
408,1171904020,MATERIAL PURCHASED ( FMH ) 
409,1171904024,LABOUR COST ( FMH ) 
410,1171904028,ZAKAT EXPENSES - MRS. SHAHIMA REHMAN ( FMH ) 
411,1171904032,DONATION EXPENSES - MRS. SHAHIMA REHMAN ( FMH ) 
412,1171904036,DONATION CAMPAIGN EXPENSES - OTHERS ( FMH ) 
413,1171904040,WELFARE & RELIEF ( FMH ) 
414,1171904044,INTERNSHIP PROGRAM EXPENSE ( FMH ) 
415,1172104012,BANK CHARGES ( FMH ) 
416,1172104020,MARKUP EXPENSE ( FMH ) 
417,1211104004,OPERATING ASSETS ( FMDH ) 
418,1211108008,ACCUMULATED DEPRECIATION ( FMDH ) 
419,1211404004,ASSETS SUBJECT TO FINANCE LEASE ( FMDH ) 
420,1211408008,ACCUMULATED DEPRECIATION: LEASE ASSETS ( FMDH ) 
421,1211804004,INTANGIBLE ASSETS ( FMDH ) 
422,1211808008,ACCUMULATED DEPRECIATION: INTANGIBLE ASSETS ( FMDH ) 
423,1212104004,CAPITAL WORK IN PROGRESS ( FMDH ) 
424,1212108004,LONG TERM INVESTMENTS ( FMDH ) 
425,1212116004,SECURITY DEPOSITS RECEIVABLE ( FMDH ) 
426,1213104004,STORES AND SPARES ( FMDH ) 
427,1213104008,STOCKS ( FMDH ) 
428,1213116004,A/R : CORPORATE CLIENTS ( FMDH ) 
429,1213116008,A/R : DISCOUNT TO CORPORATE CLIENTS ( FMDH ) 
430,1213116010,A/R: CREDIT CARD ( FMDH ) 
431,1213116012,A/R : COLLECTION CENTRES ( FMDH ) 
432,1213116020,RECEIVABLE FROM PATIENTS ( FMDH ) 
433,1213116022,ADVANCE TAX ( FMDH ) 
434,1213116024,A/R : OTHERS ( FMDH ) 
435,1213116034,GRANT RECEIVABLE ( FMDH ) 
436,1213116040,RECEIVABLES FROM STUDENTS ( FMDH ) 
437,1213120004,PROVISION FOR DOUBTFUL RECEIVABLES ( FMDH ) 
438,1213120010,PROVISION FOR DOUBTFUL DEBTS ( FMDH ) 
439,1213124004,LETTER OF CREDIT ( L/C) ( FMDH ) 
440,1213124008,TELEGRAPHIC TRANSFERS: TT ( FMDH ) 
441,1213128008,ADVANCES TO SUPPLIERS  (OPS) ( FMDH ) 
442,1213132004,STAFF ADVANCE AGAINST SALARY ( FMDH ) 
443,1213132016,STAFF ADVANCES AGAINST LOCAL PURCHASE (FMDH)
444,1213132020,STAFF LOANS ( FMDH ) 
445,1213132024,STAFF ADVANCES ( FMDH ) 
446,1213132028,STAFF LOANS ( FMDH ) 
447,1213136002,PREPAID RENT ( FMDH ) 
448,1213136004,PREPAID INSURANCE ( FMDH ) 
449,1213136016,PREPAYMENTS : OTHERS ( FMDH ) 
450,1213144004,CASH IN HAND ( FMDH ) 
451,1213144008,CASH IMPREST ( FMDH ) 
452,1213144012,BANK ACCOUNTS
453,1221104014,LOANS FROM BANKS ( FMDH ) 
454,1221108008,LONG TERM PAYABLES ( FMDH ) 
455,1222104004,TRADE CREDITORS ( FMDH ) 
456,1222108004,ACCOUNTS PAYABLE ( FMDH ) 
457,1222108012,A/CS PAYABLE : SECURITY DEPSOIT/EARNEST MONEY ( FMDH ) 
458,1222108032,ADVANCE AGAINST VEHICLES ( FMDH ) 
459,1222108036,BUILDING FUND ( FMDH ) 
460,1222116004,ACCRUED EXPENSES ( FMDH ) 
461,1222120008,CURRENT LIABILITIES : MISC. ( FMDH ) 
462,1222120010,SHORT TERM LOANS FROM BANKS
463,1222120012,LONG TERM LOANS - CURRENT PORTION ( FMDH ) 
464,1222124004,ADVANCES FROM CUSTOMERS ( FMDH ) 
465,1222124006,ADVANCES FEE FROM STUDENTS ( FMDH ) 
466,1222124008,DONOR FUND FOR PATIENTS ( FMDH ) 
467,1222124012,EMPLOYEE WELFARE FUND ( FMDH ) 
468,1222124016,EMPLOYEE DEATH CLAIM ( FMDH ) 
469,1222124020,ADVANCES FROM PATIENTS ( FMDH ) 
470,1231104004,GENERAL FUND ( FMDH ) 
471,1231104008,RELEIF FUND ( FMDH ) 
472,1231104010,INTER-UNIT TRANSFERS ( FMDH ) 
473,1231104012,INTER-UNIT TRANSFERS (MANUAL)
474,1261104004,OPERATING REVENUE : IPD PRIVATE ( FMDH ) 
475,1261104006,OPERATING REVENUE - FINANCIAL SUPPORT
476,1261104008,OPERATING REVENUE : IPD GENERAL ( FMDH ) 
477,1261104012,OPERATING REVENUE : IPD CORPORATE ( FMDH ) 
478,1261104015,OPERATING REVENUE : OPD PRIVATE ( FMDH ) 
479,1261104020,OPERATING REVENUE : OPD GENERAL ( FMDH ) 
480,1261104024,OPERATING REVENUE : OPD CORPORATE ( FMDH ) 
481,1261104028,OPERATING REVENUE : OPD PVT PROCEDURE ( FMDH ) 
482,1261104030,OPERATING REVENUE : OPD GEN PROCEDURE ( FMDH ) 
483,1261104032,OPERATING REVENUE - CORPORATE DISOCUNTS
484,1261104036,OPERATING REVENUE - NON CORPORATE DISCOUNT  (FMDH)
485,1261504004,TUITION FEE ( FMDH ) 
486,1261504006,ACTIVITY FUND - NIU ( FMDH ) 
487,1261504007,ALUMINI FUND - NIU ( FMDH ) 
488,1261504008,LATE FEE ( FMDH ) 
489,1261504010,LAB CHARGES - NIU ( FMDH ) 
490,1261504012,FINANCIAL CHARGES ( FMDH ) 
491,1261504016,UHS DEGREE FEE ( FMDH ) 
492,1261504020,UHS EXAMINATION FEE ( FMDH ) 
493,1261504024,ADMISSION FEE ( FMDH ) 
494,1261504028,UHS 5.5% SERVICE CHARGES ( FMDH ) 
495,1261904004,OPERATING REVENUE - PROJECT ( FMDH ) 
496,1261904008,OPERATING REVENUE - WORKSHOP ( FMDH ) 
497,1261904012,OPERATING REVENUE - INTERNSHIP INCOME ( FMDH ) 
498,1261904016,OPERATING REVENUE - SHAFAKHANA INCOME ( FMDH ) 
499,1261904020,OPERATING REVENUE - TUTION FEE ( FMDH ) 
500,1262104024,DONATION LOCAL : OTHERS ( FMDH ) 
501,1262112016,ZAKAT LOCAL : OTHERS ( FMDH ) 
502,1262120004,INCOME FROM DEPOSITS : LOCAL CURRENCY A/C ( FMDH ) 
503,1262128004,MISC. INCOME : OTHERS ( FMDH ) 
504,1262128008,MISC. INCOME : PROFESSIONAL SERVICES ( FMDH ) 
505,1262504004,PROSPECTUS SALE ( FMDH ) 
506,1262504008,APPLICATION FEE ( FMDH ) 
507,1262504012,NEW HOSTEL FEE ( FMDH ) 
508,1262504016,INCOME OUTREACH PROGRAM ( FMDH ) 
509,1262504020,PG TRAINING TEST FEE ( FMDH ) 
510,1262504024,INCOME FROM GROUP LIFE INSURANCE ( FMDH ) 
511,1262504028,EVENT MANAGEMENT INCOME ( FMDH ) 
512,1262504032,CONTINUING MEDICAL EDUCATION ( FMDH ) 
513,1262504036,CME TRAINING FOR CANADIAN TRAINEES ( FMDH ) 
514,1262504040,OTHER INCOME ( FMDH ) 
515,1262904002,DONATION FOR EDUCATION ( FMDH ) 
516,1262904004,DONATION : MRS. SHAHIMA REHMAN ( FMDH ) 
517,1262904008,SADQA : MRS. SHAHIMA REHMAN ( FMDH ) 
518,1262904012,ZAKAT: MRS. SHAHIMA REHMAN ( FMDH ) 
519,1262904016,DONATION : OTHERS ( FMDH ) 
520,1262904020,ZAKAT : OTHERS ( FMDH ) 
521,1271104001,GOVT. ZAKAT MEDICINE EXPENSE ( FMDH ) 
522,1271104004,MEDICINE & DRUGS CONSUMPTION ( FMDH ) 
523,1271108004,NURSING & SURGICAL SUPPLIES ( FMDH ) 
524,1271108005,PATHOLOGY SUPPLIES ( FMDH ) 
525,1271108006,RADIOLOGY CONSUMPTION ( FMDH ) 
526,1271108007,LINEN AND UNIFORM ( FMDH ) 
527,1271108008,GENERAL STORE CONSUMPTION
528,1271108009,MEDICAL GASES ( FMDH ) 
529,1271108010,OTHER CONSUMABLES ( FMDH ) 
530,1271108011,IOL KITS ( FMDH ) 
531,1271108012,DENTAL SUPPLIES ( FMDH ) 
532,1271108013,REPAIR AND MAINTENANCE SUPPLIES ( FMDH ) 
533,1271108014,PRINTING AND STATIONERY CONSUMPTION ( FMDH ) 
534,1271108015,IT CONSUMABLES
535,1271108016,LINEN AND UNIFORM - OTHERS  (FMDH)
536,1271108018,PATHOLOGY SUPPLIES - OTHERS  (FMDH)
537,1271108020,PRINTING AND STATIONERY CONSUMPTION -OTHERS  (FMDH)
538,1271108022,BIO MEDICAL STORES  (FMDH)
539,1271108024,BIO MEDICAL CONSUMPTION - OTHERS  (FMDH)
540,1271108026,REPAIR & MAINTENANCE – OTHERS (FMDH)
541,1271110004,CORPORATE DISCOUNT ( FMDH ) 
542,1271110008,FINANCIAL SUPPORT ( FMDH ) 
543,1271112004,PAYROLL: ( FMDH ) 
544,1271112006,SOCIAL SECURITY EXPENSE
545,1271112008,STAFF HEALTH SCHEME
546,1271112012,INCENTIVES/BONUSES: ( FMDH ) 
547,1271112020,P.F EMPLOYER CONTRIBUTION: ( FMDH ) 
548,1271112023,CONTINUING MEDICAL EDUCATION ( FMDH ) 
549,1271112024,EOBI CONTRIBUTION: ( FMDH ) 
550,1271116006,CONSULTANT FEE - IPD ( FMDH )
551,1271116010,CONSULTANT FEE - OPD ( FMDH )
552,1271120004,UTILITIES : DEPARTMENTAL ( FMDH ) 
553,1271120008,UTILITIES : BILLS ( FMDH ) 
554,1271124004,REPAIR & MAINTENANCE ( FMDH ) 
555,1271128004,VEHICLE RUNNING : DEPARTMENTAL ( FMDH ) 
556,1271128012,VEHICLE RUNNING : MAINTENANCE ( FMDH ) 
557,1271132012,POSTAGE & COURIER : DEPARTMENTAL ( FMDH ) 
558,1271136008,PRINTING & STATIONARY : STATIONERY SUPPLIES CONSUMPTION ( FMDH ) 
559,1271140004,TRAVELING & CONVEYANCE ( FMDH ) 
560,1271140006,TRANSPORTATION CHARGES ( FMDH ) 
561,1271144004,PROMOTIONAL & DEVELOPMENT ( FMDH ) 
562,1271148008,ZAKAT CAMPAIGN EXPENSES ( FMDH ) 
563,1271148012,EVENTS AND CAMPAIGNS ( FMDH ) 
564,1271156004,GROUP INSURANCE ( FMDH ) 
565,1271156008,HEALTH INSURANCE ( FMDH ) 
566,1271156012,INSURANNCE EXPENSE ( FMDH ) 
567,1271160004,RECRUITMENT ( FMDH ) 
568,1271160008,TRAINING ( FMDH ) 
569,1271160009,BENEVOLENCE EXPENSE ( FMDH ) 
570,1271168004,LEGAL AND PROFESSIONAL ( FMDH ) 
571,1271172004,OUTSOURCED SERVICES ( FMDH ) 
572,1271172006,CONTRACTED/OUTSOURCED SERVICES - OTHERS ( FMDH ) 
573,1271176002,RENT -596 SHADMAN 1 ( SECURITY GUARDS ) ( FMDH ) 
574,1271176004,RENT ( FMDH ) 
575,1271176005,RENT -(SHAMA HOSTEL) 41 RASOOL PARK ICHHRA ( FMDH ) 
576,1271176006,RENT -FEMALE DOCTORS HOSTAL 947 SHADMAN LAHORE ( FMDH ) 
577,1271176007,RENT -680 SHADMAN (MALE DOCTOR/GRADUATES HOSTEL) ( FMDH ) 
578,1271176008,TAXES ( FMDH ) 
579,1271176012,FEES ( FMDH ) 
580,1271178004,MISC. DEDUCTION AGAINST RECEIVABLES  (FMDH)
581,1271178006,BAD DEBTS EXPENSE ( FMDH ) 
582,1271180004,DEPRECIATION EXPENSE ( FMDH ) 
583,1271180008,DEPRECIATION EXPENSE :LEASE ASSETS ( FMDH ) 
584,1271180012,AMORTISATION OF INTANGIBLE ASSTES ( FMDH ) 
585,1271184004,MISC EXPENSES : OTHERS ( FMDH ) 
586,1271184005,SECURITY SERVICES (PHOENIX ARMOUR PVT LIMITED) ( FMDH ) 
587,1271184006,"DR ASIM MALIK(EQUIPMENT USED, AUTO SONEX ETC) ( FMDH ) "
588,1271184008,MISC EXPENSES : DEPARTMENTAL ( FMDH ) 
589,1271184012,ENTERTAINMENT ( FMDH ) 
590,1271184018,OUTSOURCED LAB TEST ( FMDH ) 
591,1271184020,OTHER DISOCUNTS  (FMDH)
592,1271504004,SCHOLARSHIP EXPENSE ( FMDH ) 
593,1271504008,EXAMINATION EXPENSE ( FMDH ) 
594,1271504012,OUTREACH PROGRAM EXPENSE ( FMDH ) 
595,1271504016,FACULTY CONTINUING PROFESSIONAL DEVELOPMENT (CPD) ( FMDH ) 
596,1271504020,STUDENTS ACTIVITY EXPENSE ( FMDH ) 
597,1271504024,STIPEND - SWCON ( FMDH ) 
598,1271904004,FOOD BANK ( FMDH ) 
599,1271904008,EDUCATION FUND ( FMDH ) 
600,1271904012,WORKSHOP EXPENSES ( FMDH ) 
601,1271904016,DESIGNING EXPENSES ( FMDH ) 
602,1271904020,MATERIAL PURCHASED ( FMDH ) 
603,1271904024,LABOUR COST ( FMDH ) 
604,1271904028,ZAKAT EXPENSES - MRS. SHAHIMA REHMAN ( FMDH ) 
605,1271904032,DONATION EXPENSES - MRS. SHAHIMA REHMAN ( FMDH ) 
606,1271904036,DONATION CAMPAIGN EXPENSES - OTHERS ( FMDH ) 
607,1271904040,WELFARE & RELIEF ( FMDH ) 
608,1271904044,INTERNSHIP PROGRAM EXPENSE ( FMDH ) 
609,1272104012,BANK CHARGES ( FMDH ) 
610,1272104020,MARKUP EXPENSE ( FMDH ) 
611,1311104004,OPERATING ASSETS ( FMHCM ) 
612,1311108008,ACCUMULATED DEPRECIATION ( FMHCM ) 
613,1311404004,ASSETS SUBJECT TO FINANCE LEASE ( FMHCM ) 
614,1311408008,ACCUMULATED DEPRECIATION: LEASE ASSETS ( FMHCM ) 
615,1311804004,INTANGIBLE ASSETS ( FMHCM ) 
616,1311808008,ACCUMULATED DEPRECIATION: INTANGIBLE ASSETS ( FMHCM ) 
617,1312104004,CAPITAL WORK IN PROGRESS ( FMHCM ) 
618,1312108004,LONG TERM INVESTMENTS ( FMHCM ) 
619,1312116004,SECURITY DEPOSITS RECEIVABLE ( FMHCM ) 
620,1313104004,STORES AND SPARES ( FMHCM ) 
621,1313104008,STOCKS ( FMHCM ) 
622,1313116004,A/R : CORPORATE CLIENTS ( FMHCM ) 
623,1313116008,A/R : DISCOUNT TO CORPORATE CLIENTS ( FMHCM ) 
624,1313116010,A/R: CREDIT CARD ( FMHCM ) 
625,1313116012,A/R : COLLECTION CENTRES ( FMHCM ) 
626,1313116020,RECEIVABLE FROM PATIENTS ( FMHCM ) 
627,1313116022,ADVANCE TAX ( FMHCM ) 
628,1313116024,A/R : OTHERS ( FMHCM ) 
629,1313116034,GRANT RECEIVABLE ( FMHCM ) 
630,1313116040,RECEIVABLES FROM STUDENTS ( FMHCM ) 
631,1313120004,PROVISION FOR DOUBTFUL RECEIVABLES ( FMHCM ) 
632,1313120010,PROVISION FOR DOUBTFUL DEBTS ( FMHCM ) 
633,1313124004,LETTER OF CREDIT ( L/C) ( FMHCM ) 
634,1313124008,TELEGRAPHIC TRANSFERS: TT ( FMHCM ) 
635,1313128008,ADVANCES TO SUPPLIERS  (OPS) ( FMHCM ) 
636,1313132004,STAFF ADVANCE AGAINST SALARY ( FMHCM ) 
637,1313132020,STAFF LOANS ( FMHCM ) 
638,1313132024,STAFF ADVANCES ( FMHCM ) 
639,1313132028,STAFF LOANS ( FMHCM ) 
640,1313136002,PREPAID RENT ( FMHCM ) 
641,1313136004,PREPAID INSURANCE ( FMHCM ) 
642,1313136016,PREPAYMENTS : OTHERS ( FMHCM ) 
643,1313144004,CASH IN HAND ( FMHCM ) 
644,1313144008,CASH IMPREST ( FMHCM ) 
645,1313144012,BANK ACCOUNTS
646,1321104014,LOANS FROM BANKS ( FMHCM ) 
647,1321108008,LONG TERM PAYABLES ( FMHCM ) 
648,1322104004,TRADE CREDITORS ( FMHCM ) 
649,1322108004,ACCOUNTS PAYABLE ( FMHCM ) 
650,1322108012,A/CS PAYABLE : SECURITY DEPSOIT/EARNEST MONEY ( FMHCM ) 
651,1322108032,ADVANCE AGAINST VEHICLES ( FMHCM ) 
652,1322108036,BUILDING FUND ( FMHCM ) 
653,1322116004,ACCRUED EXPENSES ( FMHCM ) 
654,1322120008,CURRENT LIABILITIES : MISC. ( FMHCM ) 
655,1322120010,SHORT TERM LOANS FROM BANKS
656,1322120012,LONG TERM LOANS - CURRENT PORTION ( FMHCM ) 
657,1322124004,ADVANCES FROM CUSTOMERS ( FMHCM ) 
658,1322124006,ADVANCES FEE FROM STUDENTS ( FMHCM ) 
659,1322124008,DONOR FUND FOR PATIENTS ( FMHCM ) 
660,1322124012,EMPLOYEE WELFARE FUND ( FMHCM ) 
661,1322124016,EMPLOYEE DEATH CLAIM ( FMHCM ) 
662,1322124020,ADVANCES FROM PATIENTS ( FMHCM ) 
663,1331104004,GENERAL FUND ( FMHCM ) 
664,1331104008,RELEIF FUND ( FMHCM ) 
665,1331104010,INTER-UNIT TRANSFERS ( FMHCM ) 
666,1331104012,INTER-UNIT TRANSFERS (MANUAL)
667,1361104004,OPERATING REVENUE : IPD PRIVATE ( FMHCM ) 
668,1361104008,OPERATING REVENUE : IPD GENERAL ( FMHCM ) 
669,1361104012,OPERATING REVENUE : IPD CORPORATE ( FMHCM ) 
670,1361104015,OPERATING REVENUE : OPD PRIVATE ( FMHCM ) 
671,1361104020,OPERATING REVENUE : OPD GENERAL ( FMHCM ) 
672,1361104024,OPERATING REVENUE : OPD CORPORATE ( FMHCM ) 
673,1361104028,OPERATING REVENUE : OPD PVT PROCEDURE ( FMHCM ) 
674,1361104030,OPERATING REVENUE : OPD GEN PROCEDURE ( FMHCM ) 
675,1361504004,TUITION FEE ( FMHCM ) 
676,1361504006,ACTIVITY FUND - NIU ( FMHCM ) 
677,1361504007,ALUMINI FUND - NIU ( FMHCM ) 
678,1361504008,LATE FEE ( FMHCM ) 
679,1361504010,LAB CHARGES - NIU ( FMHCM ) 
680,1361504012,FINANCIAL CHARGES ( FMHCM ) 
681,1361504016,UHS DEGREE FEE ( FMHCM ) 
682,1361504020,UHS EXAMINATION FEE ( FMHCM ) 
683,1361504024,ADMISSION FEE ( FMHCM ) 
684,1361504028,UHS 5.5% SERVICE CHARGES ( FMHCM ) 
685,1361904004,OPERATING REVENUE - PROJECT ( FMHCM ) 
686,1361904008,OPERATING REVENUE - WORKSHOP ( FMHCM ) 
687,1361904012,OPERATING REVENUE - INTERNSHIP INCOME ( FMHCM ) 
688,1361904016,OPERATING REVENUE - SHAFAKHANA INCOME ( FMHCM ) 
689,1361904020,OPERATING REVENUE - TUTION FEE ( FMHCM ) 
690,1362104024,DONATION LOCAL : OTHERS ( FMHCM ) 
691,1362112016,ZAKAT LOCAL : OTHERS ( FMHCM ) 
692,1362120004,INCOME FROM DEPOSITS : LOCAL CURRENCY A/C ( FMHCM ) 
693,1362128004,MISC. INCOME : OTHERS ( FMHCM ) 
694,1362128008,MISC. INCOME : PROFESSIONAL SERVICES ( FMHCM ) 
695,1362504004,PROSPECTUS SALE ( FMHCM ) 
696,1362504008,APPLICATION FEE ( FMHCM ) 
697,1362504012,NEW HOSTEL FEE ( FMHCM ) 
698,1362504016,INCOME OUTREACH PROGRAM ( FMHCM ) 
699,1362504020,PG TRAINING TEST FEE ( FMHCM ) 
700,1362504024,INCOME FROM GROUP LIFE INSURANCE ( FMHCM ) 
701,1362504028,EVENT MANAGEMENT INCOME ( FMHCM ) 
702,1362504032,CONTINUING MEDICAL EDUCATION ( FMHCM ) 
703,1362504036,CME TRAINING FOR CANADIAN TRAINEES ( FMHCM ) 
704,1362504040,OTHER INCOME ( FMHCM ) 
705,1362904002,DONATION FOR EDUCATION ( FMHCM ) 
706,1362904004,DONATION : MRS. SHAHIMA REHMAN ( FMHCM ) 
707,1362904008,SADQA : MRS. SHAHIMA REHMAN ( FMHCM ) 
708,1362904012,ZAKAT: MRS. SHAHIMA REHMAN ( FMHCM ) 
709,1362904016,DONATION : OTHERS ( FMHCM ) 
710,1362904020,ZAKAT : OTHERS ( FMHCM ) 
711,1371104001,GOVT. ZAKAT MEDICINE EXPENSE ( FMHCM ) 
712,1371104004,MEDICINE & DRUGS CONSUMPTION ( FMHCM ) 
713,1371108004,NURSING & SURGICAL SUPPLIES ( FMHCM ) 
714,1371108005,PATHOLOGY SUPPLIES ( FMHCM ) 
715,1371108006,RADIOLOGY CONSUMPTION ( FMHCM ) 
716,1371108007,LINEN AND UNIFORM ( FMHCM ) 
717,1371108008,GENERAL STORE CONSUMPTION
718,1371108009,MEDICAL GASES ( FMHCM ) 
719,1371108010,OTHER CONSUMABLES ( FMHCM ) 
720,1371108011,IOL KITS ( FMHCM ) 
721,1371108012,DENTAL SUPPLIES ( FMHCM ) 
722,1371108013,REPAIR AND MAINTENANCE SUPPLIES ( FMHCM ) 
723,1371108014,PRINTING AND STATIONERY CONSUMPTION ( FMHCM ) 
724,1371108015,IT CONSUMABLES
725,1371110004,CORPORATE DISCOUNT ( FMHCM ) 
726,1371110008,FINANCIAL SUPPORT ( FMHCM ) 
727,1371112004,PAYROLL: ( FMHCM ) 
728,1371112006,SOCIAL SECURITY EXPENSE
729,1371112008,STAFF HEALTH SCHEME
730,1371112012,INCENTIVES/BONUSES: ( FMHCM ) 
731,1371112020,P.F EMPLOYER CONTRIBUTION: ( FMHCM ) 
732,1371112023,CONTINUING MEDICAL EDUCATION ( FMHCM ) 
733,1371112024,EOBI CONTRIBUTION: ( FMHCM ) 
734,1371116010,CONSULTANT FEE - OPD (FMS)
735,1371120004,UTILITIES : DEPARTMENTAL ( FMHCM ) 
736,1371120008,UTILITIES : BILLS ( FMHCM ) 
737,1371124004,REPAIR & MAINTENANCE ( FMHCM )
738,1371128004,VEHICLE RUNNING : DEPARTMENTAL ( FMHCM ) 
739,1371128012,VEHICLE RUNNING : MAINTENANCE ( FMHCM ) 
740,1371132012,POSTAGE & COURIER : DEPARTMENTAL ( FMHCM ) 
741,1371136008,PRINTING & STATIONARY : STATIONERY SUPPLIES CONSUMPTION ( FMHCM ) 
742,1371140004,TRAVELING & CONVEYANCE ( FMHCM ) 
743,1371140006,TRANSPORTATION CHARGES ( FMHCM ) 
744,1371144004,PROMOTIONAL & DEVELOPMENT ( FMHCM ) 
745,1371148008,ZAKAT CAMPAIGN EXPENSES ( FMHCM ) 
746,1371148012,EVENTS AND CAMPAIGNS ( FMHCM ) 
747,1371156004,GROUP INSURANCE ( FMHCM ) 
748,1371156008,HEALTH INSURANCE ( FMHCM ) 
749,1371156012,INSURANNCE EXPENSE ( FMHCM ) 
750,1371160004,RECRUITMENT ( FMHCM ) 
751,1371160008,TRAINING ( FMHCM ) 
752,1371160009,BENEVOLENCE EXPENSE ( FMHCM ) 
753,1371168004,LEGAL AND PROFESSIONAL ( FMHCM ) 
754,1371172004,OUTSOURCED SERVICES ( FMHCM ) 
755,1371172006,CONTRACTED/OUTSOURCED SERVICES - OTHERS ( FMHCM ) 
756,1371176002,RENT -596 SHADMAN 1 ( SECURITY GUARDS ) ( FMHCM ) 
757,1371176004,RENT ( FMHCM ) 
758,1371176005,RENT -(SHAMA HOSTEL) 41 RASOOL PARK ICHHRA ( FMHCM ) 
759,1371176006,RENT -FEMALE DOCTORS HOSTAL 947 SHADMAN LAHORE ( FMHCM ) 
760,1371176007,RENT -680 SHADMAN (MALE DOCTOR/GRADUATES HOSTEL) ( FMHCM ) 
761,1371176008,TAXES ( FMHCM ) 
762,1371176012,FEES ( FMHCM ) 
763,1371178006,BAD DEBTS EXPENSE ( FMHCM ) 
764,1371180004,DEPRECIATION EXPENSE ( FMHCM ) 
765,1371180008,DEPRECIATION EXPENSE :LEASE ASSETS ( FMHCM ) 
766,1371180012,AMORTISATION OF INTANGIBLE ASSTES ( FMHCM ) 
767,1371184004,MISC EXPENSES : OTHERS ( FMHCM ) 
768,1371184005,SECURITY SERVICES (PHOENIX ARMOUR PVT LIMITED) ( FMHCM ) 
769,1371184006,"DR ASIM MALIK(EQUIPMENT USED, AUTO SONEX ETC) ( FMHCM ) "
770,1371184008,MISC EXPENSES : DEPARTMENTAL ( FMHCM ) 
771,1371184012,ENTERTAINMENT ( FMHCM ) 
772,1371184018,OUTSOURCED LAB TEST ( FMHCM ) 
773,1371504004,SCHOLARSHIP EXPENSE ( FMHCM ) 
774,1371504008,EXAMINATION EXPENSE ( FMHCM ) 
775,1371504012,OUTREACH PROGRAM EXPENSE ( FMHCM ) 
776,1371504016,FACULTY CONTINUING PROFESSIONAL DEVELOPMENT (CPD) ( FMHCM ) 
777,1371504020,STUDENTS ACTIVITY EXPENSE ( FMHCM ) 
778,1371504024,STIPEND - SWCON ( FMHCM ) 
779,1371904004,FOOD BANK ( FMHCM ) 
780,1371904008,EDUCATION FUND ( FMHCM ) 
781,1371904012,WORKSHOP EXPENSES ( FMHCM ) 
782,1371904016,DESIGNING EXPENSES ( FMHCM ) 
783,1371904020,MATERIAL PURCHASED ( FMHCM ) 
784,1371904024,LABOUR COST ( FMHCM ) 
785,1371904028,ZAKAT EXPENSES - MRS. SHAHIMA REHMAN ( FMHCM ) 
786,1371904032,DONATION EXPENSES - MRS. SHAHIMA REHMAN ( FMHCM ) 
787,1371904036,DONATION CAMPAIGN EXPENSES - OTHERS ( FMHCM ) 
788,1371904040,WELFARE & RELIEF ( FMHCM ) 
789,1371904044,INTERNSHIP PROGRAM EXPENSE ( FMHCM ) 
790,1372104012,BANK CHARGES ( FMHCM ) 
791,1372104020,MARKUP EXPENSE ( FMHCM ) 
792,1411104004,OPERATING ASSETS ( FMHCD ) 
793,1411108008,ACCUMULATED DEPRECIATION ( FMHCD ) 
794,1411404004,ASSETS SUBJECT TO FINANCE LEASE ( FMHCD ) 
795,1411408008,ACCUMULATED DEPRECIATION: LEASE ASSETS ( FMHCD ) 
796,1411804004,INTANGIBLE ASSETS ( FMHCD ) 
797,1411808008,ACCUMULATED DEPRECIATION: INTANGIBLE ASSETS ( FMHCD ) 
798,1412104004,CAPITAL WORK IN PROGRESS ( FMHCD ) 
799,1412108004,LONG TERM INVESTMENTS ( FMHCD ) 
800,1412116004,SECURITY DEPOSITS RECEIVABLE ( FMHCD ) 
801,1413104004,STORES AND SPARES ( FMHCD ) 
802,1413104008,STOCKS ( FMHCD ) 
803,1413116004,A/R : CORPORATE CLIENTS ( FMHCD ) 
804,1413116008,A/R : DISCOUNT TO CORPORATE CLIENTS ( FMHCD ) 
805,1413116010,A/R: CREDIT CARD ( FMHCD ) 
806,1413116012,A/R : COLLECTION CENTRES ( FMHCD ) 
807,1413116020,RECEIVABLE FROM PATIENTS ( FMHCD ) 
808,1413116022,ADVANCE TAX ( FMHCD ) 
809,1413116024,A/R : OTHERS ( FMHCD ) 
810,1413116034,GRANT RECEIVABLE ( FMHCD ) 
811,1413116040,RECEIVABLES FROM STUDENTS ( FMHCD ) 
812,1413120004,PROVISION FOR DOUBTFUL RECEIVABLES ( FMHCD ) 
813,1413120010,PROVISION FOR DOUBTFUL DEBTS ( FMHCD ) 
814,1413124004,LETTER OF CREDIT ( L/C) ( FMHCD ) 
815,1413124008,TELEGRAPHIC TRANSFERS: TT ( FMHCD ) 
816,1413128008,ADVANCES TO SUPPLIERS  (OPS) ( FMHCD ) 
817,1413132004,STAFF ADVANCE AGAINST SALARY ( FMHCD ) 
818,1413132020,STAFF LOANS ( FMHCD ) 
819,1413132024,STAFF ADVANCES ( FMHCD ) 
820,1413132028,STAFF LOANS ( FMHCD ) 
821,1413136002,PREPAID RENT ( FMHCD ) 
822,1413136004,PREPAID INSURANCE ( FMHCD ) 
823,1413136016,PREPAYMENTS : OTHERS ( FMHCD ) 
824,1413144004,CASH IN HAND ( FMHCD ) 
825,1413144008,CASH IMPREST ( FMHCD ) 
826,1413144012,BANK ACCOUNTS
827,1421104014,LOANS FROM BANKS ( FMHCD ) 
828,1421108008,LONG TERM PAYABLES ( FMHCD ) 
829,1422104004,TRADE CREDITORS ( FMHCD ) 
830,1422108004,ACCOUNTS PAYABLE ( FMHCD ) 
831,1422108012,A/CS PAYABLE : SECURITY DEPSOIT/EARNEST MONEY ( FMHCD ) 
832,1422108032,ADVANCE AGAINST VEHICLES ( FMHCD ) 
833,1422108036,BUILDING FUND ( FMHCD ) 
834,1422116004,ACCRUED EXPENSES ( FMHCD ) 
835,1422120008,CURRENT LIABILITIES : MISC. ( FMHCD ) 
836,1422120010,SHORT TERM LOANS FROM BANKS
837,1422120012,LONG TERM LOANS - CURRENT PORTION ( FMHCD ) 
838,1422124004,ADVANCES FROM CUSTOMERS ( FMHCD ) 
839,1422124006,ADVANCES FEE FROM STUDENTS ( FMHCD ) 
840,1422124008,DONOR FUND FOR PATIENTS ( FMHCD ) 
841,1422124012,EMPLOYEE WELFARE FUND ( FMHCD ) 
842,1422124016,EMPLOYEE DEATH CLAIM ( FMHCD ) 
843,1422124020,ADVANCES FROM PATIENTS ( FMHCD ) 
844,1431104004,GENERAL FUND ( FMHCD ) 
845,1431104008,RELEIF FUND ( FMHCD ) 
846,1431104010,INTER-UNIT TRANSFERS ( FMHCD ) 
847,1431104012,INTER-UNIT TRANSFERS (MANUAL)
848,1461104004,OPERATING REVENUE : IPD PRIVATE ( FMHCD ) 
849,1461104008,OPERATING REVENUE : IPD GENERAL ( FMHCD ) 
850,1461104012,OPERATING REVENUE : IPD CORPORATE ( FMHCD ) 
851,1461104015,OPERATING REVENUE : OPD PRIVATE ( FMHCD ) 
852,1461104020,OPERATING REVENUE : OPD GENERAL ( FMHCD ) 
853,1461104024,OPERATING REVENUE : OPD CORPORATE ( FMHCD ) 
854,1461104028,OPERATING REVENUE : OPD PVT PROCEDURE ( FMHCD ) 
855,1461104030,OPERATING REVENUE : OPD GEN PROCEDURE ( FMHCD ) 
856,1461504004,TUITION FEE ( FMHCD ) 
857,1461504006,ACTIVITY FUND - NIU ( FMHCD ) 
858,1461504007,ALUMINI FUND - NIU ( FMHCD ) 
859,1461504008,LATE FEE ( FMHCD ) 
860,1461504010,LAB CHARGES - NIU ( FMHCD ) 
861,1461504012,FINANCIAL CHARGES ( FMHCD ) 
862,1461504016,UHS DEGREE FEE ( FMHCD ) 
863,1461504020,UHS EXAMINATION FEE ( FMHCD ) 
864,1461504024,ADMISSION FEE ( FMHCD ) 
865,1461504028,UHS 5.5% SERVICE CHARGES ( FMHCD ) 
866,1461904004,OPERATING REVENUE - PROJECT ( FMHCD ) 
867,1461904008,OPERATING REVENUE - WORKSHOP ( FMHCD ) 
868,1461904012,OPERATING REVENUE - INTERNSHIP INCOME ( FMHCD ) 
869,1461904016,OPERATING REVENUE - SHAFAKHANA INCOME ( FMHCD ) 
870,1461904020,OPERATING REVENUE - TUTION FEE ( FMHCD ) 
871,1462104024,DONATION LOCAL : OTHERS ( FMHCD ) 
872,1462112016,ZAKAT LOCAL : OTHERS ( FMHCD ) 
873,1462120004,INCOME FROM DEPOSITS : LOCAL CURRENCY A/C ( FMHCD ) 
874,1462128004,MISC. INCOME : OTHERS ( FMHCD ) 
875,1462128008,MISC. INCOME : PROFESSIONAL SERVICES ( FMHCD ) 
876,1462504004,PROSPECTUS SALE ( FMHCD ) 
877,1462504008,APPLICATION FEE ( FMHCD ) 
878,1462504012,NEW HOSTEL FEE ( FMHCD ) 
879,1462504016,INCOME OUTREACH PROGRAM ( FMHCD ) 
880,1462504020,PG TRAINING TEST FEE ( FMHCD ) 
881,1462504024,INCOME FROM GROUP LIFE INSURANCE ( FMHCD ) 
882,1462504028,EVENT MANAGEMENT INCOME ( FMHCD ) 
883,1462504032,CONTINUING MEDICAL EDUCATION ( FMHCD ) 
884,1462504036,CME TRAINING FOR CANADIAN TRAINEES ( FMHCD ) 
885,1462504040,OTHER INCOME ( FMHCD ) 
886,1462904002,DONATION FOR EDUCATION ( FMHCD ) 
887,1462904004,DONATION : MRS. SHAHIMA REHMAN ( FMHCD ) 
888,1462904008,SADQA : MRS. SHAHIMA REHMAN ( FMHCD ) 
889,1462904012,ZAKAT: MRS. SHAHIMA REHMAN ( FMHCD ) 
890,1462904016,DONATION : OTHERS ( FMHCD ) 
891,1462904020,ZAKAT : OTHERS ( FMHCD ) 
892,1471104001,GOVT. ZAKAT MEDICINE EXPENSE ( FMHCD ) 
893,1471104004,MEDICINE & DRUGS CONSUMPTION ( FMHCD ) 
894,1471108004,NURSING & SURGICAL SUPPLIES ( FMHCD ) 
895,1471108005,PATHOLOGY SUPPLIES ( FMHCD ) 
896,1471108006,RADIOLOGY CONSUMPTION ( FMHCD ) 
897,1471108007,LINEN AND UNIFORM ( FMHCD ) 
898,1471108008,GENERAL STORE CONSUMPTION
899,1471108009,MEDICAL GASES ( FMHCD ) 
900,1471108010,OTHER CONSUMABLES ( FMHCD ) 
901,1471108011,IOL KITS ( FMHCD ) 
902,1471108012,DENTAL SUPPLIES ( FMHCD ) 
903,1471108013,REPAIR AND MAINTENANCE SUPPLIES ( FMHCD ) 
904,1471108014,PRINTING AND STATIONERY CONSUMPTION ( FMHCD ) 
905,1471110004,CORPORATE DISCOUNT ( FMHCD ) 
906,1471110008,FINANCIAL SUPPORT ( FMHCD ) 
907,1471112004,PAYROLL: ( FMHCD ) 
908,1471112006,SOCIAL SECURITY EXPENSE
909,1471112008,STAFF HEALTH SCHEME
910,1471112012,INCENTIVES/BONUSES: ( FMHCD ) 
911,1471112020,P.F EMPLOYER CONTRIBUTION: ( FMHCD ) 
912,1471112023,CONTINUING MEDICAL EDUCATION ( FMHCD ) 
913,1471112024,EOBI CONTRIBUTION: ( FMHCD ) 
914,1471120004,UTILITIES : DEPARTMENTAL ( FMHCD ) 
915,1471120008,UTILITIES : BILLS ( FMHCD ) 
916,1471124004,REPAIR & MAINTENANCE ( FMHCD ) 
917,1471128004,VEHICLE RUNNING : DEPARTMENTAL ( FMHCD ) 
918,1471128012,VEHICLE RUNNING : MAINTENANCE ( FMHCD ) 
919,1471132012,POSTAGE & COURIER : DEPARTMENTAL ( FMHCD ) 
920,1471136008,PRINTING & STATIONARY : STATIONERY SUPPLIES CONSUMPTION ( FMHCD ) 
921,1471140004,TRAVELING & CONVEYANCE ( FMHCD ) 
922,1471140006,TRANSPORTATION CHARGES ( FMHCD ) 
923,1471144004,PROMOTIONAL & DEVELOPMENT ( FMHCD ) 
924,1471148008,ZAKAT CAMPAIGN EXPENSES ( FMHCD ) 
925,1471148012,EVENTS AND CAMPAIGNS ( FMHCD ) 
926,1471156004,GROUP INSURANCE ( FMHCD ) 
927,1471156008,HEALTH INSURANCE ( FMHCD ) 
928,1471156012,INSURANNCE EXPENSE ( FMHCD ) 
929,1471160004,RECRUITMENT ( FMHCD ) 
930,1471160008,TRAINING ( FMHCD ) 
931,1471160009,BENEVOLENCE EXPENSE ( FMHCD ) 
932,1471168004,LEGAL AND PROFESSIONAL ( FMHCD ) 
933,1471172004,OUTSOURCED SERVICES ( FMHCD ) 
934,1471172006,CONTRACTED/OUTSOURCED SERVICES - OTHERS ( FMHCD ) 
935,1471176002,RENT -596 SHADMAN 1 ( SECURITY GUARDS ) ( FMHCD ) 
936,1471176004,RENT ( FMHCD ) 
937,1471176005,RENT -(SHAMA HOSTEL) 41 RASOOL PARK ICHHRA ( FMHCD ) 
938,1471176006,RENT -FEMALE DOCTORS HOSTAL 947 SHADMAN LAHORE ( FMHCD ) 
939,1471176007,RENT -680 SHADMAN (MALE DOCTOR/GRADUATES HOSTEL) ( FMHCD ) 
940,1471176008,TAXES ( FMHCD ) 
941,1471176012,FEES ( FMHCD ) 
942,1471178006,BAD DEBTS EXPENSE ( FMHCD ) 
943,1471180004,DEPRECIATION EXPENSE ( FMHCD ) 
944,1471180008,DEPRECIATION EXPENSE :LEASE ASSETS ( FMHCD ) 
945,1471180012,AMORTISATION OF INTANGIBLE ASSTES ( FMHCD ) 
946,1471184004,MISC EXPENSES : OTHERS ( FMHCD ) 
947,1471184005,SECURITY SERVICES (PHOENIX ARMOUR PVT LIMITED) ( FMHCD ) 
948,1471184006,"DR ASIM MALIK(EQUIPMENT USED, AUTO SONEX ETC) ( FMHCD ) "
949,1471184008,MISC EXPENSES : DEPARTMENTAL ( FMHCD ) 
950,1471184012,ENTERTAINMENT ( FMHCD ) 
951,1471184018,OUTSOURCED LAB TEST ( FMHCD ) 
952,1471504004,SCHOLARSHIP EXPENSE ( FMHCD ) 
953,1471504008,EXAMINATION EXPENSE ( FMHCD ) 
954,1471504012,OUTREACH PROGRAM EXPENSE ( FMHCD ) 
955,1471504016,FACULTY CONTINUING PROFESSIONAL DEVELOPMENT (CPD) ( FMHCD ) 
956,1471504020,STUDENTS ACTIVITY EXPENSE ( FMHCD ) 
957,1471504024,STIPEND - SWCON ( FMHCD ) 
958,1471904004,FOOD BANK ( FMHCD ) 
959,1471904008,EDUCATION FUND ( FMHCD ) 
960,1471904012,WORKSHOP EXPENSES ( FMHCD ) 
961,1471904016,DESIGNING EXPENSES ( FMHCD ) 
962,1471904020,MATERIAL PURCHASED ( FMHCD ) 
963,1471904024,LABOUR COST ( FMHCD ) 
964,1471904028,ZAKAT EXPENSES - MRS. SHAHIMA REHMAN ( FMHCD ) 
965,1471904032,DONATION EXPENSES - MRS. SHAHIMA REHMAN ( FMHCD ) 
966,1471904036,DONATION CAMPAIGN EXPENSES - OTHERS ( FMHCD ) 
967,1471904040,WELFARE & RELIEF ( FMHCD ) 
968,1471904044,INTERNSHIP PROGRAM EXPENSE ( FMHCD ) 
969,1472104012,BANK CHARGES ( FMHCD ) 
970,1472104020,MARKUP EXPENSE ( FMHCD ) 
971,1511104004,OPERATING ASSETS ( SWCON ) 
972,1511108008,ACCUMULATED DEPRECIATION ( SWCON ) 
973,1511404004,ASSETS SUBJECT TO FINANCE LEASE ( SWCON ) 
974,1511408008,ACCUMULATED DEPRECIATION: LEASE ASSETS ( SWCON ) 
975,1511804004,INTANGIBLE ASSETS ( SWCON ) 
976,1511808008,ACCUMULATED DEPRECIATION: INTANGIBLE ASSETS ( SWCON ) 
977,1512104004,CAPITAL WORK IN PROGRESS ( SWCON ) 
978,1512108004,LONG TERM INVESTMENTS ( SWCON ) 
979,1512116004,SECURITY DEPOSITS RECEIVABLE ( SWCON ) 
980,1513104004,STORES AND SPARES ( SWCON ) 
981,1513104008,STOCKS ( SWCON ) 
982,1513116004,A/R : CORPORATE CLIENTS ( SWCON ) 
983,1513116008,A/R : DISCOUNT TO CORPORATE CLIENTS ( SWCON ) 
984,1513116010,A/R: CREDIT CARD ( SWCON ) 
985,1513116012,A/R : COLLECTION CENTRES ( SWCON ) 
986,1513116020,RECEIVABLE FROM PATIENTS ( SWCON ) 
987,1513116022,ADVANCE TAX ( SWCON ) 
988,1513116024,A/R : OTHERS ( SWCON ) 
989,1513116034,GRANT RECEIVABLE ( SWCON ) 
990,1513116040,RECEIVABLES FROM STUDENTS ( SWCON ) 
991,1513120004,PROVISION FOR DOUBTFUL RECEIVABLES ( SWCON ) 
992,1513120010,PROVISION FOR DOUBTFUL DEBTS ( SWCON ) 
993,1513124004,LETTER OF CREDIT ( L/C) ( SWCON ) 
994,1513124008,TELEGRAPHIC TRANSFERS: TT ( SWCON ) 
995,1513128008,ADVANCES TO SUPPLIERS  (OPS) ( SWCON ) 
996,1513132004,STAFF ADVANCE AGAINST SALARY ( SWCON ) 
997,1513132020,STAFF LOANS ( SWCON ) 
998,1513132024,STAFF ADVANCES ( SWCON ) 
999,1513132028,STAFF LOANS ( SWCON ) 
1000,1513136002,PREPAID RENT ( SWCON ) 
1001,1513136004,PREPAID INSURANCE ( SWCON ) 
1002,1513136016,PREPAYMENTS : OTHERS ( SWCON ) 
1003,1513144004,CASH IN HAND ( SWCON ) 
1004,1513144008,CASH IMPREST ( SWCON ) 
1005,1513144012,BANK ACCOUNTS
1006,1521104014,LOANS FROM BANKS ( SWCON ) 
1007,1521108008,LONG TERM PAYABLES ( SWCON ) 
1008,1522104004,TRADE CREDITORS ( SWCON ) 
1009,1522108004,ACCOUNTS PAYABLE ( SWCON ) 
1010,1522108012,A/CS PAYABLE : SECURITY DEPSOIT/EARNEST MONEY ( SWCON ) 
1011,1522108032,ADVANCE AGAINST VEHICLES ( SWCON ) 
1012,1522108036,BUILDING FUND ( SWCON ) 
1013,1522116004,ACCRUED EXPENSES ( SWCON ) 
1014,1522120008,CURRENT LIABILITIES : MISC. ( SWCON ) 
1015,1522120010,SHORT TERM LOANS FROM BANKS
1016,1522120012,LONG TERM LOANS - CURRENT PORTION ( SWCON ) 
1017,1522124004,ADVANCES FROM CUSTOMERS ( SWCON ) 
1018,1522124006,ADVANCES FEE FROM STUDENTS ( SWCON ) 
1019,1522124008,DONOR FUND FOR PATIENTS ( SWCON ) 
1020,1522124012,EMPLOYEE WELFARE FUND ( SWCON ) 
1021,1522124016,EMPLOYEE DEATH CLAIM ( SWCON ) 
1022,1522124020,ADVANCES FROM PATIENTS ( SWCON ) 
1023,1531104004,GENERAL FUND ( SWCON ) 
1024,1531104008,RELEIF FUND ( SWCON ) 
1025,1531104010,INTER-UNIT TRANSFERS ( SWCON ) 
1026,1531104012,INTER-UNIT TRANSFERS (MANUAL)
1027,1561104004,OPERATING REVENUE : IPD PRIVATE ( SWCON ) 
1028,1561104008,OPERATING REVENUE : IPD GENERAL ( SWCON ) 
1029,1561104012,OPERATING REVENUE : IPD CORPORATE ( SWCON ) 
1030,1561104015,OPERATING REVENUE : OPD PRIVATE ( SWCON ) 
1031,1561104020,OPERATING REVENUE : OPD GENERAL ( SWCON ) 
1032,1561104024,OPERATING REVENUE : OPD CORPORATE ( SWCON ) 
1033,1561104028,OPERATING REVENUE : OPD PVT PROCEDURE ( SWCON ) 
1034,1561104030,OPERATING REVENUE : OPD GEN PROCEDURE ( SWCON ) 
1035,1561504004,TUITION FEE ( SWCON ) 
1036,1561504006,ACTIVITY FUND - NIU ( SWCON ) 
1037,1561504007,ALUMINI FUND - NIU ( SWCON ) 
1038,1561504008,LATE FEE ( SWCON ) 
1039,1561504010,LAB CHARGES - NIU ( SWCON ) 
1040,1561504012,FINANCIAL CHARGES ( SWCON ) 
1041,1561504016,UHS DEGREE FEE ( SWCON ) 
1042,1561504020,UHS EXAMINATION FEE ( SWCON ) 
1043,1561504024,ADMISSION FEE ( SWCON ) 
1044,1561504028,UHS 5.5% SERVICE CHARGES ( SWCON ) 
1045,1561904004,OPERATING REVENUE - PROJECT ( SWCON ) 
1046,1561904008,OPERATING REVENUE - WORKSHOP ( SWCON ) 
1047,1561904012,OPERATING REVENUE - INTERNSHIP INCOME ( SWCON ) 
1048,1561904016,OPERATING REVENUE - SHAFAKHANA INCOME ( SWCON ) 
1049,1561904020,OPERATING REVENUE - TUTION FEE ( SWCON ) 
1050,1562104024,DONATION LOCAL : OTHERS ( SWCON ) 
1051,1562112016,ZAKAT LOCAL : OTHERS ( SWCON ) 
1052,1562120004,INCOME FROM DEPOSITS : LOCAL CURRENCY A/C ( SWCON ) 
1053,1562128004,MISC. INCOME : OTHERS ( SWCON ) 
1054,1562128008,MISC. INCOME : PROFESSIONAL SERVICES ( SWCON ) 
1055,1562504004,PROSPECTUS SALE ( SWCON ) 
1056,1562504008,APPLICATION FEE ( SWCON ) 
1057,1562504012,NEW HOSTEL FEE ( SWCON ) 
1058,1562504016,INCOME OUTREACH PROGRAM ( SWCON ) 
1059,1562504020,PG TRAINING TEST FEE ( SWCON ) 
1060,1562504024,INCOME FROM GROUP LIFE INSURANCE ( SWCON ) 
1061,1562504028,EVENT MANAGEMENT INCOME ( SWCON ) 
1062,1562504032,CONTINUING MEDICAL EDUCATION ( SWCON ) 
1063,1562504036,CME TRAINING FOR CANADIAN TRAINEES ( SWCON ) 
1064,1562504040,OTHER INCOME ( SWCON ) 
1065,1562904002,DONATION FOR EDUCATION ( SWCON ) 
1066,1562904004,DONATION : MRS. SHAHIMA REHMAN ( SWCON ) 
1067,1562904008,SADQA : MRS. SHAHIMA REHMAN ( SWCON ) 
1068,1562904012,ZAKAT: MRS. SHAHIMA REHMAN ( SWCON ) 
1069,1562904016,DONATION : OTHERS ( SWCON ) 
1070,1562904020,ZAKAT : OTHERS ( SWCON ) 
1071,1571104001,GOVT. ZAKAT MEDICINE EXPENSE ( SWCON ) 
1072,1571104004,MEDICINE & DRUGS CONSUMPTION ( SWCON ) 
1073,1571108004,NURSING & SURGICAL SUPPLIES ( SWCON ) 
1074,1571108005,PATHOLOGY SUPPLIES ( SWCON ) 
1075,1571108006,RADIOLOGY CONSUMPTION ( SWCON ) 
1076,1571108007,LINEN AND UNIFORM ( SWCON ) 
1077,1571108008,GENERAL STORE CONSUMPTION
1078,1571108009,MEDICAL GASES ( SWCON ) 
1079,1571108010,OTHER CONSUMABLES ( SWCON ) 
1080,1571108011,IOL KITS ( SWCON ) 
1081,1571108012,DENTAL SUPPLIES ( SWCON ) 
1082,1571108013,REPAIR AND MAINTENANCE SUPPLIES ( SWCON ) 
1083,1571108014,PRINTING AND STATIONERY CONSUMPTION ( SWCON ) 
1084,1571110004,CORPORATE DISCOUNT ( SWCON ) 
1085,1571110008,FINANCIAL SUPPORT ( SWCON ) 
1086,1571112004,PAYROLL: ( SWCON ) 
1087,1571112006,SOCIAL SECURITY EXPENSE
1088,1571112008,STAFF HEALTH SCHEME
1089,1571112012,INCENTIVES/BONUSES: ( SWCON ) 
1090,1571112020,P.F EMPLOYER CONTRIBUTION: ( SWCON ) 
1091,1571112023,CONTINUING MEDICAL EDUCATION ( SWCON ) 
1092,1571112024,EOBI CONTRIBUTION: ( SWCON ) 
1093,1571120004,UTILITIES : DEPARTMENTAL ( SWCON ) 
1094,1571120008,UTILITIES : BILLS ( SWCON ) 
1095,1571124004,REPAIR & MAINTENANCE ( SWCON ) 
1096,1571128004,VEHICLE RUNNING : DEPARTMENTAL ( SWCON ) 
1097,1571128012,VEHICLE RUNNING : MAINTENANCE ( SWCON ) 
1098,1571132012,POSTAGE & COURIER : DEPARTMENTAL ( SWCON ) 
1099,1571136008,PRINTING & STATIONARY : STATIONERY SUPPLIES CONSUMPTION ( SWCON ) 
1100,1571140004,TRAVELING & CONVEYANCE ( SWCON ) 
1101,1571140006,TRANSPORTATION CHARGES ( SWCON ) 
1102,1571144004,PROMOTIONAL & DEVELOPMENT ( SWCON ) 
1103,1571148008,ZAKAT CAMPAIGN EXPENSES ( SWCON ) 
1104,1571148012,EVENTS AND CAMPAIGNS ( SWCON ) 
1105,1571156004,GROUP INSURANCE ( SWCON ) 
1106,1571156008,HEALTH INSURANCE ( SWCON ) 
1107,1571156012,INSURANNCE EXPENSE ( SWCON ) 
1108,1571160004,RECRUITMENT ( SWCON ) 
1109,1571160008,TRAINING ( SWCON ) 
1110,1571160009,BENEVOLENCE EXPENSE ( SWCON ) 
1111,1571168004,LEGAL AND PROFESSIONAL ( SWCON ) 
1112,1571172004,OUTSOURCED SERVICES ( SWCON ) 
1113,1571172006,CONTRACTED/OUTSOURCED SERVICES - OTHERS ( SWCON ) 
1114,1571176002,RENT -596 SHADMAN 1 ( SECURITY GUARDS ) ( SWCON ) 
1115,1571176004,RENT ( SWCON ) 
1116,1571176005,RENT -(SHAMA HOSTEL) 41 RASOOL PARK ICHHRA ( SWCON ) 
1117,1571176006,RENT -FEMALE DOCTORS HOSTAL 947 SHADMAN LAHORE ( SWCON ) 
1118,1571176007,RENT -680 SHADMAN (MALE DOCTOR/GRADUATES HOSTEL) ( SWCON ) 
1119,1571176008,TAXES ( SWCON ) 
1120,1571176012,FEES ( SWCON ) 
1121,1571178006,BAD DEBTS EXPENSE ( SWCON ) 
1122,1571180004,DEPRECIATION EXPENSE ( SWCON ) 
1123,1571180008,DEPRECIATION EXPENSE :LEASE ASSETS ( SWCON ) 
1124,1571180012,AMORTISATION OF INTANGIBLE ASSTES ( SWCON ) 
1125,1571184004,MISC EXPENSES : OTHERS ( SWCON ) 
1126,1571184005,SECURITY SERVICES (PHOENIX ARMOUR PVT LIMITED) ( SWCON ) 
1127,1571184006,"DR ASIM MALIK(EQUIPMENT USED, AUTO SONEX ETC) ( SWCON ) "
1128,1571184008,MISC EXPENSES : DEPARTMENTAL ( SWCON ) 
1129,1571184012,ENTERTAINMENT ( SWCON ) 
1130,1571184018,OUTSOURCED LAB TEST ( SWCON ) 
1131,1571504004,SCHOLARSHIP EXPENSE ( SWCON ) 
1132,1571504008,EXAMINATION EXPENSE ( SWCON ) 
1133,1571504012,OUTREACH PROGRAM EXPENSE ( SWCON ) 
1134,1571504016,FACULTY CONTINUING PROFESSIONAL DEVELOPMENT (CPD) ( SWCON ) 
1135,1571504020,STUDENTS ACTIVITY EXPENSE ( SWCON ) 
1136,1571504024,STIPEND - SWCON ( SWCON ) 
1137,1571904004,FOOD BANK ( SWCON ) 
1138,1571904008,EDUCATION FUND ( SWCON ) 
1139,1571904012,WORKSHOP EXPENSES ( SWCON ) 
1140,1571904016,DESIGNING EXPENSES ( SWCON ) 
1141,1571904020,MATERIAL PURCHASED ( SWCON ) 
1142,1571904024,LABOUR COST ( SWCON ) 
1143,1571904028,ZAKAT EXPENSES - MRS. SHAHIMA REHMAN ( SWCON ) 
1144,1571904032,DONATION EXPENSES - MRS. SHAHIMA REHMAN ( SWCON ) 
1145,1571904036,DONATION CAMPAIGN EXPENSES - OTHERS ( SWCON ) 
1146,1571904040,WELFARE & RELIEF ( SWCON ) 
1147,1571904044,INTERNSHIP PROGRAM EXPENSE ( SWCON ) 
1148,1572104012,BANK CHARGES ( SWCON ) 
1149,1572104020,MARKUP EXPENSE ( SWCON ) 
1150,1611104004,OPERATING ASSETS ( IAHS ) 
1151,1611108008,ACCUMULATED DEPRECIATION ( IAHS ) 
1152,1611404004,ASSETS SUBJECT TO FINANCE LEASE ( IAHS ) 
1153,1611408008,ACCUMULATED DEPRECIATION: LEASE ASSETS ( IAHS ) 
1154,1611804004,INTANGIBLE ASSETS ( IAHS ) 
1155,1611808008,ACCUMULATED DEPRECIATION: INTANGIBLE ASSETS ( IAHS ) 
1156,1612104004,CAPITAL WORK IN PROGRESS ( IAHS ) 
1157,1612108004,LONG TERM INVESTMENTS ( IAHS ) 
1158,1612116004,SECURITY DEPOSITS RECEIVABLE ( IAHS ) 
1159,1613104004,STORES AND SPARES ( IAHS ) 
1160,1613104008,STOCKS ( IAHS ) 
1161,1613116004,A/R : CORPORATE CLIENTS ( IAHS ) 
1162,1613116008,A/R : DISCOUNT TO CORPORATE CLIENTS ( IAHS ) 
1163,1613116010,A/R: CREDIT CARD ( IAHS ) 
1164,1613116012,A/R : COLLECTION CENTRES ( IAHS ) 
1165,1613116020,RECEIVABLE FROM PATIENTS ( IAHS ) 
1166,1613116022,ADVANCE TAX ( IAHS ) 
1167,1613116024,A/R : OTHERS ( IAHS ) 
1168,1613116034,GRANT RECEIVABLE ( IAHS ) 
1169,1613116040,RECEIVABLES FROM STUDENTS ( IAHS ) 
1170,1613120004,PROVISION FOR DOUBTFUL RECEIVABLES ( IAHS ) 
1171,1613120010,PROVISION FOR DOUBTFUL DEBTS ( IAHS ) 
1172,1613124004,LETTER OF CREDIT ( L/C) ( IAHS ) 
1173,1613124008,TELEGRAPHIC TRANSFERS: TT ( IAHS ) 
1174,1613128008,ADVANCES TO SUPPLIERS  (OPS) ( IAHS ) 
1175,1613132004,STAFF ADVANCE AGAINST SALARY ( IAHS ) 
1176,1613132020,STAFF LOANS ( IAHS ) 
1177,1613132024,STAFF ADVANCES ( IAHS ) 
1178,1613132028,STAFF LOANS ( IAHS ) 
1179,1613136002,PREPAID RENT ( IAHS ) 
1180,1613136004,PREPAID INSURANCE ( IAHS ) 
1181,1613136016,PREPAYMENTS : OTHERS ( IAHS ) 
1182,1613144004,CASH IN HAND ( IAHS ) 
1183,1613144008,CASH IMPREST ( IAHS ) 
1184,1613144012,BANK ACCOUNTS
1185,1621104014,LOANS FROM BANKS ( IAHS ) 
1186,1621108008,LONG TERM PAYABLES ( IAHS ) 
1187,1622104004,TRADE CREDITORS ( IAHS ) 
1188,1622108004,ACCOUNTS PAYABLE ( IAHS ) 
1189,1622108012,A/CS PAYABLE : SECURITY DEPSOIT/EARNEST MONEY ( IAHS ) 
1190,1622108032,ADVANCE AGAINST VEHICLES ( IAHS ) 
1191,1622108036,BUILDING FUND ( IAHS ) 
1192,1622116004,ACCRUED EXPENSES ( IAHS ) 
1193,1622120008,CURRENT LIABILITIES : MISC. ( IAHS ) 
1194,1622120010,SHORT TERM LOANS FROM BANKS
1195,1622120012,LONG TERM LOANS - CURRENT PORTION ( IAHS ) 
1196,1622124004,ADVANCES FROM CUSTOMERS ( IAHS ) 
1197,1622124006,ADVANCES FEE FROM STUDENTS ( IAHS ) 
1198,1622124008,DONOR FUND FOR PATIENTS ( IAHS ) 
1199,1622124012,EMPLOYEE WELFARE FUND ( IAHS ) 
1200,1622124016,EMPLOYEE DEATH CLAIM ( IAHS ) 
1201,1622124020,ADVANCES FROM PATIENTS ( IAHS ) 
1202,1631104004,GENERAL FUND ( IAHS ) 
1203,1631104008,RELEIF FUND ( IAHS ) 
1204,1631104010,INTER-UNIT TRANSFERS ( IAHS ) 
1205,1631104012,INTER-UNIT TRANSFERS (MANUAL)
1206,1661104004,OPERATING REVENUE : IPD PRIVATE ( IAHS ) 
1207,1661104008,OPERATING REVENUE : IPD GENERAL ( IAHS ) 
1208,1661104012,OPERATING REVENUE : IPD CORPORATE ( IAHS ) 
1209,1661104015,OPERATING REVENUE : OPD PRIVATE ( IAHS ) 
1210,1661104020,OPERATING REVENUE : OPD GENERAL ( IAHS ) 
1211,1661104024,OPERATING REVENUE : OPD CORPORATE ( IAHS ) 
1212,1661104028,OPERATING REVENUE : OPD PVT PROCEDURE ( IAHS ) 
1213,1661104030,OPERATING REVENUE : OPD GEN PROCEDURE ( IAHS ) 
1214,1661504004,TUITION FEE ( IAHS ) 
1215,1661504006,ACTIVITY FUND - NIU ( IAHS ) 
1216,1661504007,ALUMINI FUND - NIU ( IAHS ) 
1217,1661504008,LATE FEE ( IAHS ) 
1218,1661504010,LAB CHARGES - NIU ( IAHS ) 
1219,1661504012,FINANCIAL CHARGES ( IAHS ) 
1220,1661504016,UHS DEGREE FEE ( IAHS ) 
1221,1661504020,UHS EXAMINATION FEE ( IAHS ) 
1222,1661504024,ADMISSION FEE ( IAHS ) 
1223,1661504028,UHS 5.5% SERVICE CHARGES ( IAHS ) 
1224,1661904004,OPERATING REVENUE - PROJECT ( IAHS ) 
1225,1661904008,OPERATING REVENUE - WORKSHOP ( IAHS ) 
1226,1661904012,OPERATING REVENUE - INTERNSHIP INCOME ( IAHS ) 
1227,1661904016,OPERATING REVENUE - SHAFAKHANA INCOME ( IAHS ) 
1228,1661904020,OPERATING REVENUE - TUTION FEE ( IAHS ) 
1229,1662104024,DONATION LOCAL : OTHERS ( IAHS ) 
1230,1662112016,ZAKAT LOCAL : OTHERS ( IAHS ) 
1231,1662120004,INCOME FROM DEPOSITS : LOCAL CURRENCY A/C ( IAHS ) 
1232,1662128004,MISC. INCOME : OTHERS ( IAHS ) 
1233,1662128008,MISC. INCOME : PROFESSIONAL SERVICES ( IAHS ) 
1234,1662504004,PROSPECTUS SALE ( IAHS ) 
1235,1662504008,APPLICATION FEE ( IAHS ) 
1236,1662504012,NEW HOSTEL FEE ( IAHS ) 
1237,1662504016,INCOME OUTREACH PROGRAM ( IAHS ) 
1238,1662504020,PG TRAINING TEST FEE ( IAHS ) 
1239,1662504024,INCOME FROM GROUP LIFE INSURANCE ( IAHS ) 
1240,1662504028,EVENT MANAGEMENT INCOME ( IAHS ) 
1241,1662504032,CONTINUING MEDICAL EDUCATION ( IAHS ) 
1242,1662504036,CME TRAINING FOR CANADIAN TRAINEES ( IAHS ) 
1243,1662504040,OTHER INCOME ( IAHS ) 
1244,1662904002,DONATION FOR EDUCATION ( IAHS ) 
1245,1662904004,DONATION : MRS. SHAHIMA REHMAN ( IAHS ) 
1246,1662904008,SADQA : MRS. SHAHIMA REHMAN ( IAHS ) 
1247,1662904012,ZAKAT: MRS. SHAHIMA REHMAN ( IAHS ) 
1248,1662904016,DONATION : OTHERS ( IAHS ) 
1249,1662904020,ZAKAT : OTHERS ( IAHS ) 
1250,1671104001,GOVT. ZAKAT MEDICINE EXPENSE ( IAHS ) 
1251,1671104004,MEDICINE & DRUGS CONSUMPTION ( IAHS ) 
1252,1671108004,NURSING & SURGICAL SUPPLIES ( IAHS ) 
1253,1671108005,PATHOLOGY SUPPLIES ( IAHS ) 
1254,1671108006,RADIOLOGY CONSUMPTION ( IAHS ) 
1255,1671108007,LINEN AND UNIFORM ( IAHS ) 
1256,1671108008,GENERAL STORE CONSUMPTION
1257,1671108009,MEDICAL GASES ( IAHS ) 
1258,1671108010,OTHER CONSUMABLES ( IAHS ) 
1259,1671108011,IOL KITS ( IAHS ) 
1260,1671108012,DENTAL SUPPLIES ( IAHS ) 
1261,1671108013,REPAIR AND MAINTENANCE SUPPLIES ( IAHS ) 
1262,1671108014,PRINTING AND STATIONERY CONSUMPTION ( IAHS ) 
1263,1671108015,IT CONSUMABLES
1264,1671110004,CORPORATE DISCOUNT ( IAHS ) 
1265,1671110008,FINANCIAL SUPPORT ( IAHS ) 
1266,1671112004,PAYROLL: ( IAHS ) 
1267,1671112006,SOCIAL SECURITY EXPENSE
1268,1671112008,STAFF HEALTH SCHEME
1269,1671112012,INCENTIVES/BONUSES: ( IAHS ) 
1270,1671112020,P.F EMPLOYER CONTRIBUTION: ( IAHS ) 
1271,1671112023,CONTINUING MEDICAL EDUCATION ( IAHS ) 
1272,1671112024,EOBI CONTRIBUTION: ( IAHS ) 
1273,1671120004,UTILITIES : DEPARTMENTAL ( IAHS ) 
1274,1671120008,UTILITIES : BILLS ( IAHS ) 
1275,1671124004,REPAIR & MAINTENANCE ( IAHS ) 
1276,1671128004,VEHICLE RUNNING : DEPARTMENTAL ( IAHS ) 
1277,1671128012,VEHICLE RUNNING : MAINTENANCE ( IAHS ) 
1278,1671132012,POSTAGE & COURIER : DEPARTMENTAL ( IAHS ) 
1279,1671136008,PRINTING & STATIONARY : STATIONERY SUPPLIES CONSUMPTION ( IAHS ) 
1280,1671140004,TRAVELING & CONVEYANCE ( IAHS ) 
1281,1671140006,TRANSPORTATION CHARGES ( IAHS ) 
1282,1671144004,PROMOTIONAL & DEVELOPMENT ( IAHS ) 
1283,1671148008,ZAKAT CAMPAIGN EXPENSES ( IAHS ) 
1284,1671148012,EVENTS AND CAMPAIGNS ( IAHS ) 
1285,1671156004,GROUP INSURANCE ( IAHS ) 
1286,1671156008,HEALTH INSURANCE ( IAHS ) 
1287,1671156012,INSURANNCE EXPENSE ( IAHS ) 
1288,1671160004,RECRUITMENT ( IAHS ) 
1289,1671160008,TRAINING ( IAHS ) 
1290,1671160009,BENEVOLENCE EXPENSE ( IAHS ) 
1291,1671168004,LEGAL AND PROFESSIONAL ( IAHS ) 
1292,1671172004,OUTSOURCED SERVICES ( IAHS ) 
1293,1671172006,CONTRACTED/OUTSOURCED SERVICES - OTHERS ( IAHS ) 
1294,1671176002,RENT -596 SHADMAN 1 ( SECURITY GUARDS ) ( IAHS ) 
1295,1671176004,RENT ( IAHS ) 
1296,1671176005,RENT -(SHAMA HOSTEL) 41 RASOOL PARK ICHHRA ( IAHS ) 
1297,1671176006,RENT -FEMALE DOCTORS HOSTAL 947 SHADMAN LAHORE ( IAHS ) 
1298,1671176007,RENT -680 SHADMAN (MALE DOCTOR/GRADUATES HOSTEL) ( IAHS ) 
1299,1671176008,TAXES ( IAHS ) 
1300,1671176012,FEES ( IAHS ) 
1301,1671178006,BAD DEBTS EXPENSE ( IAHS ) 
1302,1671180004,DEPRECIATION EXPENSE ( IAHS ) 
1303,1671180008,DEPRECIATION EXPENSE :LEASE ASSETS ( IAHS ) 
1304,1671180012,AMORTISATION OF INTANGIBLE ASSTES ( IAHS ) 
1305,1671184004,MISC EXPENSES : OTHERS ( IAHS ) 
1306,1671184005,SECURITY SERVICES (PHOENIX ARMOUR PVT LIMITED) ( IAHS ) 
1307,1671184006,"DR ASIM MALIK(EQUIPMENT USED, AUTO SONEX ETC) ( IAHS ) "
1308,1671184008,MISC EXPENSES : DEPARTMENTAL ( IAHS ) 
1309,1671184012,ENTERTAINMENT ( IAHS ) 
1310,1671184018,OUTSOURCED LAB TEST ( IAHS ) 
1311,1671504004,SCHOLARSHIP EXPENSE ( IAHS ) 
1312,1671504008,EXAMINATION EXPENSE ( IAHS ) 
1313,1671504012,OUTREACH PROGRAM EXPENSE ( IAHS ) 
1314,1671504016,FACULTY CONTINUING PROFESSIONAL DEVELOPMENT (CPD) ( IAHS ) 
1315,1671504020,STUDENTS ACTIVITY EXPENSE ( IAHS ) 
1316,1671504024,STIPEND - SWCON ( IAHS ) 
1317,1671904004,FOOD BANK ( IAHS ) 
1318,1671904008,EDUCATION FUND ( IAHS ) 
1319,1671904012,WORKSHOP EXPENSES ( IAHS ) 
1320,1671904016,DESIGNING EXPENSES ( IAHS ) 
1321,1671904020,MATERIAL PURCHASED ( IAHS ) 
1322,1671904024,LABOUR COST ( IAHS ) 
1323,1671904028,ZAKAT EXPENSES - MRS. SHAHIMA REHMAN ( IAHS ) 
1324,1671904032,DONATION EXPENSES - MRS. SHAHIMA REHMAN ( IAHS ) 
1325,1671904036,DONATION CAMPAIGN EXPENSES - OTHERS ( IAHS ) 
1326,1671904040,WELFARE & RELIEF ( IAHS ) 
1327,1671904044,INTERNSHIP PROGRAM EXPENSE ( IAHS ) 
1328,1672104012,BANK CHARGES ( IAHS ) 
1329,1672104020,MARKUP EXPENSE ( IAHS ) 
1330,1711104004,OPERATING ASSETS ( NIU ) 
1331,1711108008,ACCUMULATED DEPRECIATION ( NIU ) 
1332,1711404004,ASSETS SUBJECT TO FINANCE LEASE ( NIU ) 
1333,1711408008,ACCUMULATED DEPRECIATION: LEASE ASSETS ( NIU ) 
1334,1711804004,INTANGIBLE ASSETS ( NIU ) 
1335,1711808008,ACCUMULATED DEPRECIATION: INTANGIBLE ASSETS ( NIU ) 
1336,1712104004,CAPITAL WORK IN PROGRESS ( NIU ) 
1337,1712108004,LONG TERM INVESTMENTS ( NIU ) 
1338,1712116004,SECURITY DEPOSITS RECEIVABLE ( NIU ) 
1339,1713104004,STORES AND SPARES ( NIU ) 
1340,1713104008,STOCKS ( NIU ) 
1341,1713116004,A/R : CORPORATE CLIENTS ( NIU ) 
1342,1713116008,A/R : DISCOUNT TO CORPORATE CLIENTS ( NIU ) 
1343,1713116010,A/R: CREDIT CARD ( NIU ) 
1344,1713116012,A/R : COLLECTION CENTRES ( NIU ) 
1345,1713116020,RECEIVABLE FROM PATIENTS ( NIU ) 
1346,1713116022,ADVANCE TAX ( NIU ) 
1347,1713116024,A/R : OTHERS ( NIU ) 
1348,1713116034,GRANT RECEIVABLE ( NIU ) 
1349,1713116040,RECEIVABLES FROM STUDENTS ( NIU ) 
1350,1713120004,PROVISION FOR DOUBTFUL RECEIVABLES ( NIU ) 
1351,1713120010,PROVISION FOR DOUBTFUL DEBTS ( NIU ) 
1352,1713124004,LETTER OF CREDIT ( L/C) ( NIU ) 
1353,1713124008,TELEGRAPHIC TRANSFERS: TT ( NIU ) 
1354,1713128008,ADVANCES TO SUPPLIERS  (OPS) ( NIU ) 
1355,1713132004,STAFF ADVANCE AGAINST SALARY ( NIU ) 
1356,1713132020,STAFF LOANS ( NIU ) 
1357,1713132024,STAFF ADVANCES ( NIU ) 
1358,1713132028,STAFF LOANS ( NIU ) 
1359,1713136002,PREPAID RENT ( NIU ) 
1360,1713136004,PREPAID INSURANCE ( NIU ) 
1361,1713136016,PREPAYMENTS : OTHERS ( NIU ) 
1362,1713144004,CASH IN HAND ( NIU ) 
1363,1713144008,CASH IMPREST ( NIU ) 
1364,1713144012,BANK ACCOUNTS
1365,1721104014,LOANS FROM BANKS ( NIU ) 
1366,1721108008,LONG TERM PAYABLES ( NIU ) 
1367,1722104004,TRADE CREDITORS ( NIU ) 
1368,1722108004,ACCOUNTS PAYABLE ( NIU ) 
1369,1722108012,A/CS PAYABLE : SECURITY DEPSOIT/EARNEST MONEY ( NIU ) 
1370,1722108032,ADVANCE AGAINST VEHICLES ( NIU ) 
1371,1722108036,BUILDING FUND ( NIU ) 
1372,1722116004,ACCRUED EXPENSES ( NIU ) 
1373,1722120008,CURRENT LIABILITIES : MISC. ( NIU ) 
1374,1722120010,SHORT TERM LOANS FROM BANKS
1375,1722120012,LONG TERM LOANS - CURRENT PORTION ( NIU ) 
1376,1722124004,ADVANCES FROM CUSTOMERS ( NIU ) 
1377,1722124006,ADVANCES FEE FROM STUDENTS ( NIU ) 
1378,1722124008,DONOR FUND FOR PATIENTS ( NIU ) 
1379,1722124012,EMPLOYEE WELFARE FUND ( NIU ) 
1380,1722124016,EMPLOYEE DEATH CLAIM ( NIU ) 
1381,1722124020,ADVANCES FROM PATIENTS ( NIU ) 
1382,1731104004,GENERAL FUND ( NIU ) 
1383,1731104008,RELEIF FUND ( NIU ) 
1384,1731104010,INTER-UNIT TRANSFERS ( NIU ) 
1385,1731104012,INTER-UNIT TRANSFERS (MANUAL)
1386,1761104004,OPERATING REVENUE : IPD PRIVATE ( NIU ) 
1387,1761104008,OPERATING REVENUE : IPD GENERAL ( NIU ) 
1388,1761104012,OPERATING REVENUE : IPD CORPORATE ( NIU ) 
1389,1761104015,OPERATING REVENUE : OPD PRIVATE ( NIU ) 
1390,1761104020,OPERATING REVENUE : OPD GENERAL ( NIU ) 
1391,1761104024,OPERATING REVENUE : OPD CORPORATE ( NIU ) 
1392,1761104028,OPERATING REVENUE : OPD PVT PROCEDURE ( NIU ) 
1393,1761104030,OPERATING REVENUE : OPD GEN PROCEDURE ( NIU ) 
1394,1761504004,TUITION FEE ( NIU ) 
1395,1761504005,POST GRADUATE DIPLOMA
1396,1761504006,ACTIVITY FUND - NIU ( NIU ) 
1397,1761504007,ALUMINI FUND - NIU ( NIU ) 
1398,1761504008,LATE FEE ( NIU ) 
1399,1761504009,DPT MULLIGAN WORKSHOP
1400,1761504010,LAB CHARGES - NIU ( NIU ) 
1401,1761504012,FINANCIAL CHARGES ( NIU ) 
1402,1761504016,UHS DEGREE FEE ( NIU ) 
1403,1761504020,UHS EXAMINATION FEE ( NIU ) 
1404,1761504024,ADMISSION FEE ( NIU ) 
1405,1761504028,UHS 5.5% SERVICE CHARGES ( NIU ) 
1406,1761504030,LIBRARY FUND
1407,1761504031,SEMESTER ENROLLMENT FEE
1408,1761504032,EXAMINATION FEE
1409,1761504033,THESIS FEE
1410,1761904004,OPERATING REVENUE - PROJECT ( NIU ) 
1411,1761904008,OPERATING REVENUE - WORKSHOP ( NIU ) 
1412,1761904012,OPERATING REVENUE - INTERNSHIP INCOME ( NIU ) 
1413,1761904016,OPERATING REVENUE - SHAFAKHANA INCOME ( NIU ) 
1414,1761904020,OPERATING REVENUE - TUTION FEE ( NIU ) 
1415,1762104024,DONATION LOCAL : OTHERS ( NIU ) 
1416,1762112016,ZAKAT LOCAL : OTHERS ( NIU ) 
1417,1762120004,INCOME FROM DEPOSITS : LOCAL CURRENCY A/C ( NIU ) 
1418,1762128004,MISC. INCOME : OTHERS ( NIU ) 
1419,1762128008,MISC. INCOME : PROFESSIONAL SERVICES ( NIU ) 
1420,1762504004,PROSPECTUS SALE ( NIU ) 
1421,1762504008,APPLICATION FEE ( NIU ) 
1422,1762504012,NEW HOSTEL FEE ( NIU ) 
1423,1762504016,INCOME OUTREACH PROGRAM ( NIU ) 
1424,1762504020,PG TRAINING TEST FEE ( NIU ) 
1425,1762504024,INCOME FROM GROUP LIFE INSURANCE ( NIU ) 
1426,1762504028,EVENT MANAGEMENT INCOME ( NIU ) 
1427,1762504032,CONTINUING MEDICAL EDUCATION ( NIU ) 
1428,1762504036,CME TRAINING FOR CANADIAN TRAINEES ( NIU ) 
1429,1762504040,OTHER INCOME ( NIU ) 
1430,1762904002,DONATION FOR EDUCATION ( NIU ) 
1431,1762904004,DONATION : MRS. SHAHIMA REHMAN ( NIU ) 
1432,1762904008,SADQA : MRS. SHAHIMA REHMAN ( NIU ) 
1433,1762904012,ZAKAT: MRS. SHAHIMA REHMAN ( NIU ) 
1434,1762904016,DONATION : OTHERS ( NIU ) 
1435,1762904020,ZAKAT : OTHERS ( NIU ) 
1436,1771104001,GOVT. ZAKAT MEDICINE EXPENSE ( NIU ) 
1437,1771104004,MEDICINE & DRUGS CONSUMPTION ( NIU ) 
1438,1771108004,NURSING & SURGICAL SUPPLIES ( NIU ) 
1439,1771108005,PATHOLOGY SUPPLIES ( NIU ) 
1440,1771108006,RADIOLOGY CONSUMPTION ( NIU ) 
1441,1771108007,LINEN AND UNIFORM ( NIU ) 
1442,1771108008,GENERAL STORE CONSUMPTION
1443,1771108009,MEDICAL GASES ( NIU ) 
1444,1771108010,OTHER CONSUMABLES ( NIU ) 
1445,1771108011,IOL KITS ( NIU ) 
1446,1771108012,DENTAL SUPPLIES ( NIU ) 
1447,1771108013,REPAIR AND MAINTENANCE SUPPLIES ( NIU ) 
1448,1771108014,PRINTING AND STATIONERY CONSUMPTION ( NIU ) 
1449,1771110004,CORPORATE DISCOUNT ( NIU ) 
1450,1771110008,FINANCIAL SUPPORT ( NIU ) 
1451,1771112004,PAYROLL: ( NIU ) 
1452,1771112006,SOCIAL SECURITY EXPENSE
1453,1771112008,STAFF HEALTH SCHEME
1454,1771112012,INCENTIVES/BONUSES: ( NIU ) 
1455,1771112020,P.F EMPLOYER CONTRIBUTION: ( NIU ) 
1456,1771112023,CONTINUING MEDICAL EDUCATION ( NIU ) 
1457,1771112024,EOBI CONTRIBUTION: ( NIU ) 
1458,1771120004,UTILITIES : DEPARTMENTAL ( NIU ) 
1459,1771120008,UTILITIES : BILLS ( NIU ) 
1460,1771124004,REPAIR & MAINTENANCE ( NIU ) 
1461,1771128004,VEHICLE RUNNING : DEPARTMENTAL ( NIU ) 
1462,1771128012,VEHICLE RUNNING : MAINTENANCE ( NIU ) 
1463,1771132012,POSTAGE & COURIER : DEPARTMENTAL ( NIU ) 
1464,1771136008,PRINTING & STATIONARY : STATIONERY SUPPLIES CONSUMPTION ( NIU ) 
1465,1771140004,TRAVELING & CONVEYANCE ( NIU ) 
1466,1771140006,TRANSPORTATION CHARGES ( NIU ) 
1467,1771144004,PROMOTIONAL & DEVELOPMENT ( NIU ) 
1468,1771148008,ZAKAT CAMPAIGN EXPENSES ( NIU ) 
1469,1771148012,EVENTS AND CAMPAIGNS ( NIU ) 
1470,1771156004,GROUP INSURANCE ( NIU ) 
1471,1771156008,HEALTH INSURANCE ( NIU ) 
1472,1771156012,INSURANNCE EXPENSE ( NIU ) 
1473,1771160004,RECRUITMENT ( NIU ) 
1474,1771160008,TRAINING ( NIU ) 
1475,1771160009,BENEVOLENCE EXPENSE ( NIU ) 
1476,1771168004,LEGAL AND PROFESSIONAL ( NIU ) 
1477,1771172004,OUTSOURCED SERVICES ( NIU ) 
1478,1771172006,CONTRACTED/OUTSOURCED SERVICES - OTHERS ( NIU ) 
1479,1771172008,RESEARCH EXPENSE (NIU)
1480,1771176002,RENT -596 SHADMAN 1 ( SECURITY GUARDS ) ( NIU ) 
1481,1771176004,RENT ( NIU ) 
1482,1771176005,RENT -(SHAMA HOSTEL) 41 RASOOL PARK ICHHRA ( NIU ) 
1483,1771176006,RENT -FEMALE DOCTORS HOSTAL 947 SHADMAN LAHORE ( NIU ) 
1484,1771176007,RENT -680 SHADMAN (MALE DOCTOR/GRADUATES HOSTEL) ( NIU ) 
1485,1771176008,TAXES ( NIU ) 
1486,1771176012,FEES ( NIU ) 
1487,1771178006,BAD DEBTS EXPENSE ( NIU ) 
1488,1771180004,DEPRECIATION EXPENSE ( NIU ) 
1489,1771180008,DEPRECIATION EXPENSE :LEASE ASSETS ( NIU ) 
1490,1771180012,AMORTISATION OF INTANGIBLE ASSTES ( NIU ) 
1491,1771184004,MISC EXPENSES : OTHERS ( NIU ) 
1492,1771184005,SECURITY SERVICES (PHOENIX ARMOUR PVT LIMITED) ( NIU ) 
1493,1771184006,"DR ASIM MALIK(EQUIPMENT USED, AUTO SONEX ETC) ( NIU ) "
1494,1771184008,MISC EXPENSES : DEPARTMENTAL ( NIU ) 
1495,1771184012,ENTERTAINMENT ( NIU ) 
1496,1771184018,OUTSOURCED LAB TEST ( NIU ) 
1497,1771504004,SCHOLARSHIP EXPENSE ( NIU ) 
1498,1771504008,EXAMINATION EXPENSE ( NIU ) 
1499,1771504012,OUTREACH PROGRAM EXPENSE ( NIU ) 
1500,1771504016,FACULTY CONTINUING PROFESSIONAL DEVELOPMENT (CPD) ( NIU ) 
1501,1771504020,STUDENTS ACTIVITY EXPENSE ( NIU ) 
1502,1771504024,STIPEND - SWCON ( NIU ) 
1503,1771904004,FOOD BANK ( NIU ) 
1504,1771904008,EDUCATION FUND ( NIU ) 
1505,1771904012,WORKSHOP EXPENSES ( NIU ) 
1506,1771904016,DESIGNING EXPENSES ( NIU ) 
1507,1771904020,MATERIAL PURCHASED ( NIU ) 
1508,1771904024,LABOUR COST ( NIU ) 
1509,1771904028,ZAKAT EXPENSES - MRS. SHAHIMA REHMAN ( NIU ) 
1510,1771904032,DONATION EXPENSES - MRS. SHAHIMA REHMAN ( NIU ) 
1511,1771904036,DONATION CAMPAIGN EXPENSES - OTHERS ( NIU ) 
1512,1771904040,WELFARE & RELIEF ( NIU ) 
1513,1771904044,INTERNSHIP PROGRAM EXPENSE ( NIU ) 
1514,1772104012,BANK CHARGES ( NIU ) 
1515,1772104020,MARKUP EXPENSE ( NIU ) 
1516,1811104004,OPERATING ASSETS ( NUF ) 
1517,1811104006,PROJECT FIXED ASSETS (NUF)
1518,1811108008,ACCUMULATED DEPRECIATION ( NUF ) 
1519,1811108010,ACCUMULATED DEPRECIATION - PROJECT ASSETS (NUF)
1520,1811404004,ASSETS SUBJECT TO FINANCE LEASE ( NUF ) 
1521,1811408008,ACCUMULATED DEPRECIATION: LEASE ASSETS ( NUF ) 
1522,1811804004,INTANGIBLE ASSETS ( NUF ) 
1523,1811808008,ACCUMULATED DEPRECIATION: INTANGIBLE ASSETS ( NUF ) 
1524,1812104004,CAPITAL WORK IN PROGRESS ( NUF ) 
1525,1812108004,LONG TERM INVESTMENTS ( NUF ) 
1526,1812116004,SECURITY DEPOSITS RECEIVABLE ( NUF ) 
1527,1813104004,STORES AND SPARES ( NUF ) 
1528,1813104008,STOCKS ( NUF ) 
1529,1813116004,A/R : CORPORATE CLIENTS ( NUF ) 
1530,1813116008,A/R : DISCOUNT TO CORPORATE CLIENTS ( NUF ) 
1531,1813116010,A/R: CREDIT CARD ( NUF ) 
1532,1813116012,A/R : COLLECTION CENTRES ( NUF ) 
1533,1813116020,RECEIVABLE FROM PATIENTS ( NUF ) 
1534,1813116022,ADVANCE TAX ( NUF ) 
1535,1813116024,A/R : OTHERS ( NUF ) 
1536,1813116034,GRANT RECEIVABLE ( NUF ) 
1537,1813116040,RECEIVABLES FROM STUDENTS ( NUF ) 
1538,1813120004,PROVISION FOR DOUBTFUL RECEIVABLES ( NUF ) 
1539,1813120010,PROVISION FOR DOUBTFUL DEBTS ( NUF ) 
1540,1813124004,LETTER OF CREDIT ( L/C) ( NUF ) 
1541,1813124008,TELEGRAPHIC TRANSFERS: TT ( NUF ) 
1542,1813128008,ADVANCES TO SUPPLIERS  (OPS) ( NUF ) 
1543,1813132004,STAFF ADVANCE AGAINST SALARY ( NUF ) 
1544,1813132020,STAFF LOANS ( NUF ) 
1545,1813132024,STAFF ADVANCES ( NUF ) 
1546,1813132028,STAFF LOANS ( NUF ) 
1547,1813136002,PREPAID RENT ( NUF ) 
1548,1813136004,PREPAID INSURANCE ( NUF ) 
1549,1813136016,PREPAYMENTS : OTHERS ( NUF ) 
1550,1813144004,CASH IN HAND ( NUF ) 
1551,1813144008,CASH IMPREST ( NUF ) 
1552,1813144012,BANK ACCOUNTS
1553,1821104014,LOANS FROM BANKS ( NUF ) 
1554,1821108004,DEFERRED REVENUE (NF)
1555,1821108008,DEFERRED LIABILITIES ( NF ) 
1556,1822104004,TRADE CREDITORS ( NUF ) 
1557,1822108004,ACCOUNTS PAYABLE ( NUF ) 
1558,1822108012,A/CS PAYABLE : SECURITY DEPSOIT/EARNEST MONEY ( NUF ) 
1559,1822108032,ADVANCE AGAINST VEHICLES ( NUF ) 
1560,1822108036,BUILDING FUND ( NUF ) 
1561,1822116004,ACCRUED EXPENSES ( NUF ) 
1562,1822120008,CURRENT LIABILITIES : MISC. ( NUF ) 
1563,1822120010,SHORT TERM LOANS FROM BANKS
1564,1822120012,LONG TERM LOANS - CURRENT PORTION ( NUF ) 
1565,1822124004,ADVANCES FROM CUSTOMERS ( NUF ) 
1566,1822124006,ADVANCES FEE FROM STUDENTS ( NUF ) 
1567,1822124008,DONOR FUND FOR PATIENTS ( NUF ) 
1568,1822124012,EMPLOYEE WELFARE FUND ( NUF ) 
1569,1822124016,EMPLOYEE DEATH CLAIM ( NUF ) 
1570,1822124020,ADVANCES FROM PATIENTS ( NUF ) 
1571,1831104004,GENERAL FUND ( NUF ) 
1572,1831104008,RELEIF FUND ( NUF ) 
1573,1831104010,INTER-UNIT TRANSFERS ( NUF ) 
1574,1831104012,INTER-UNIT TRANSFERS (MANUAL)
1575,1861104004,OPERATING REVENUE : IPD PRIVATE ( NUF ) 
1576,1861104008,OPERATING REVENUE : IPD GENERAL ( NUF ) 
1577,1861104012,OPERATING REVENUE : IPD CORPORATE ( NUF ) 
1578,1861104015,OPERATING REVENUE : OPD PRIVATE ( NUF ) 
1579,1861104020,OPERATING REVENUE : OPD GENERAL ( NUF ) 
1580,1861104024,OPERATING REVENUE : OPD CORPORATE ( NUF ) 
1581,1861104028,OPERATING REVENUE : OPD PVT PROCEDURE ( NUF ) 
1582,1861104030,OPERATING REVENUE : OPD GEN PROCEDURE ( NUF ) 
1583,1861504004,TUITION FEE ( NUF ) 
1584,1861504006,ACTIVITY FUND - NIU ( NUF ) 
1585,1861504007,ALUMINI FUND - NIU ( NUF ) 
1586,1861504008,LATE FEE ( NUF ) 
1587,1861504010,LAB CHARGES - NIU ( NUF ) 
1588,1861504012,FINANCIAL CHARGES ( NUF ) 
1589,1861504016,UHS DEGREE FEE ( NUF ) 
1590,1861504020,UHS EXAMINATION FEE ( NUF ) 
1591,1861504024,ADMISSION FEE ( NUF ) 
1592,1861504028,UHS 5.5% SERVICE CHARGES ( NUF ) 
1593,1861904004,OPERATING REVENUE - PROJECT ( NUF ) 
1594,1861904006,OPERATING REVENUE - PROJECT REIMBURSEMENT (NUF)
1595,1861904008,OPERATING REVENUE - WORKSHOP ( NUF ) 
1596,1861904010,RELEIF ACTIVITIES - DONATIONS
1597,1861904012,OPERATING REVENUE - INTERNSHIP INCOME ( NUF ) 
1598,1861904016,OPERATING REVENUE - SHAFAKHANA INCOME ( NUF ) 
1599,1861904020,OPERATING REVENUE - TUTION FEE ( NUF ) 
1600,1862104024,DONATION LOCAL : OTHERS ( NUF ) 
1601,1862112016,ZAKAT LOCAL : OTHERS ( NUF ) 
1602,1862120004,INCOME FROM DEPOSITS : LOCAL CURRENCY A/C ( NUF ) 
1603,1862128004,MISC. INCOME : OTHERS ( NUF ) 
1604,1862128008,MISC. INCOME : PROFESSIONAL SERVICES ( NUF ) 
1605,1862504004,PROSPECTUS SALE ( NUF ) 
1606,1862504008,APPLICATION FEE ( NUF ) 
1607,1862504012,NEW HOSTEL FEE ( NUF ) 
1608,1862504016,INCOME OUTREACH PROGRAM ( NUF ) 
1609,1862504020,PG TRAINING TEST FEE ( NUF ) 
1610,1862504024,INCOME FROM GROUP LIFE INSURANCE ( NUF ) 
1611,1862504028,EVENT MANAGEMENT INCOME ( NUF ) 
1612,1862504032,CONTINUING MEDICAL EDUCATION ( NUF ) 
1613,1862504036,CME TRAINING FOR CANADIAN TRAINEES ( NUF ) 
1614,1862504040,OTHER INCOME ( NUF ) 
1615,1862904002,DONATION FOR EDUCATION ( NUF ) 
1616,1862904004,DONATION : MRS. SHAHIMA REHMAN ( NUF ) 
1617,1862904008,SADQA : MRS. SHAHIMA REHMAN ( NUF ) 
1618,1862904012,ZAKAT: MRS. SHAHIMA REHMAN ( NUF ) 
1619,1862904016,DONATION : OTHERS ( NUF ) 
1620,1862904020,ZAKAT : OTHERS ( NUF ) 
1621,1871104001,GOVT. ZAKAT MEDICINE EXPENSE ( NUF ) 
1622,1871104004,MEDICINE & DRUGS CONSUMPTION ( NUF ) 
1623,1871108004,NURSING & SURGICAL SUPPLIES ( NUF ) 
1624,1871108005,PATHOLOGY SUPPLIES ( NUF ) 
1625,1871108006,RADIOLOGY CONSUMPTION ( NUF ) 
1626,1871108007,LINEN AND UNIFORM ( NUF ) 
1627,1871108008,GENERAL STORE CONSUMPTION
1628,1871108009,MEDICAL GASES ( NUF ) 
1629,1871108010,OTHER CONSUMABLES ( NUF ) 
1630,1871108011,IOL KITS ( NUF ) 
1631,1871108012,DENTAL SUPPLIES ( NUF ) 
1632,1871108013,REPAIR AND MAINTENANCE SUPPLIES ( NUF ) 
1633,1871108014,PRINTING AND STATIONERY CONSUMPTION ( NUF ) 
1634,1871110004,CORPORATE DISCOUNT ( NUF ) 
1635,1871110008,FINANCIAL SUPPORT ( NUF ) 
1636,1871112004,PAYROLL: ( NUF ) 
1637,1871112006,SOCIAL SECURITY EXPENSE
1638,1871112008,STAFF HEALTH SCHEME
1639,1871112012,INCENTIVES/BONUSES: ( NUF ) 
1640,1871112020,P.F EMPLOYER CONTRIBUTION: ( NUF ) 
1641,1871112023,CONTINUING MEDICAL EDUCATION ( NUF ) 
1642,1871112024,EOBI CONTRIBUTION: ( NUF ) 
1643,1871120004,UTILITIES : DEPARTMENTAL ( NUF ) 
1644,1871120008,UTILITIES : BILLS ( NUF ) 
1645,1871124004,REPAIR & MAINTENANCE ( NUF ) 
1646,1871128004,VEHICLE RUNNING : DEPARTMENTAL ( NUF ) 
1647,1871128012,VEHICLE RUNNING : MAINTENANCE ( NUF ) 
1648,1871132012,POSTAGE & COURIER : DEPARTMENTAL ( NUF ) 
1649,1871136008,PRINTING & STATIONARY : STATIONERY SUPPLIES CONSUMPTION ( NUF ) 
1650,1871140004,TRAVELING & TRANSPORTATION ( NUF ) 
1651,1871140006,ACCOMODATION ( NUF ) 
1652,1871144004,PROMOTIONAL & DEVELOPMENT ( NUF ) 
1653,1871148008,ZAKAT CAMPAIGN EXPENSES ( NUF ) 
1654,1871148012,EVENTS AND CAMPAIGNS ( NUF ) 
1655,1871156004,GROUP INSURANCE ( NUF ) 
1656,1871156008,HEALTH INSURANCE ( NUF ) 
1657,1871156012,INSURANNCE EXPENSE ( NUF ) 
1658,1871160004,RECRUITMENT ( NUF ) 
1659,1871160008,TRAINING ( NUF ) 
1660,1871160009,BENEVOLENCE EXPENSE ( NUF ) 
1661,1871168004,LEGAL AND PROFESSIONAL ( NUF ) 
1662,1871172004,OUTSOURCED SERVICES ( NUF ) 
1663,1871172006,CONTRACTED/OUTSOURCED SERVICES - OTHERS ( NUF ) 
1664,1871176002,RENT -596 SHADMAN 1 ( SECURITY GUARDS ) ( NUF ) 
1665,1871176004,RENT ( NUF ) 
1666,1871176005,RENT -(SHAMA HOSTEL) 41 RASOOL PARK ICHHRA ( NUF ) 
1667,1871176006,RENT -FEMALE DOCTORS HOSTAL 947 SHADMAN LAHORE ( NUF ) 
1668,1871176007,RENT -680 SHADMAN (MALE DOCTOR/GRADUATES HOSTEL) ( NUF ) 
1669,1871176008,TAXES ( NUF ) 
1670,1871176012,FEES ( NUF ) 
1671,1871178006,BAD DEBTS EXPENSE ( NUF ) 
1672,1871180004,DEPRECIATION EXPENSE ( NUF ) 
1673,1871180008,DEPRECIATION EXPENSE :LEASE ASSETS ( NUF ) 
1674,1871180012,AMORTISATION OF INTANGIBLE ASSTES ( NUF ) 
1675,1871184004,MISC EXPENSES : OTHERS ( NUF ) 
1676,1871184005,SECURITY SERVICES (PHOENIX ARMOUR PVT LIMITED) ( NUF ) 
1677,1871184006,"DR ASIM MALIK(EQUIPMENT USED, AUTO SONEX ETC) ( NUF ) "
1678,1871184008,MISC EXPENSES : DEPARTMENTAL ( NUF ) 
1679,1871184012,ENTERTAINMENT ( NUF ) 
1680,1871184018,OUTSOURCED LAB TEST ( NUF ) 
1681,1871504004,SCHOLARSHIP EXPENSE ( NUF ) 
1682,1871504008,EXAMINATION EXPENSE ( NUF ) 
1683,1871504012,OUTREACH PROGRAM EXPENSE ( NUF ) 
1684,1871504016,FACULTY CONTINUING PROFESSIONAL DEVELOPMENT (CPD) ( NUF ) 
1685,1871504020,STUDENTS ACTIVITY EXPENSE ( NUF ) 
1686,1871504024,STIPEND - SWCON ( NUF ) 
1687,1871904004,FOOD BANK ( NUF ) 
1688,1871904008,EDUCATION FUND ( NUF ) 
1689,1871904010,RELEIF ACTIVITIES EXPENSE
1690,1871904012,WORKSHOP EXPENSES ( NUF ) 
1691,1871904016,DESIGNING EXPENSES ( NUF ) 
1692,1871904020,MATERIAL PURCHASED ( NUF ) 
1693,1871904022,IT EQUIPMENT REIMBURSEMENT
1694,1871904024,LABOUR COST ( NUF ) 
1695,1871904028,ZAKAT EXPENSES - MRS. SHAHIMA REHMAN ( NUF ) 
1696,1871904032,DONATION EXPENSES - MRS. SHAHIMA REHMAN ( NUF ) 
1697,1871904036,DONATION CAMPAIGN EXPENSES - OTHERS ( NUF ) 
1698,1871904040,WELFARE & RELIEF ( NUF ) 
1699,1871904044,INTERNSHIP PROGRAM EXPENSE ( NUF ) 
1700,1872104012,BANK CHARGES ( NUF ) 
1701,1872104020,MARKUP EXPENSE ( NUF ) 
1702,1911104004,OPERATING ASSETS ( ABNI ) 
1703,1911108008,ACCUMULATED DEPRECIATION ( ABNI ) 
1704,1911404004,ASSETS SUBJECT TO FINANCE LEASE ( ABNI ) 
1705,1911408008,ACCUMULATED DEPRECIATION: LEASE ASSETS ( ABNI ) 
1706,1911804004,INTANGIBLE ASSETS ( ABNI ) 
1707,1911808008,ACCUMULATED DEPRECIATION: INTANGIBLE ASSETS ( ABNI ) 
1708,1912104004,CAPITAL WORK IN PROGRESS ( ABNI ) 
1709,1912108004,LONG TERM INVESTMENTS ( ABNI ) 
1710,1912116004,SECURITY DEPOSITS RECEIVABLE ( ABNI ) 
1711,1913104004,STORES AND SPARES ( ABNI ) 
1712,1913104008,STOCKS ( ABNI ) 
1713,1913116004,A/R : CORPORATE CLIENTS ( ABNI ) 
1714,1913116008,A/R : DISCOUNT TO CORPORATE CLIENTS ( ABNI ) 
1715,1913116010,A/R: CREDIT CARD ( ABNI ) 
1716,1913116012,A/R : COLLECTION CENTRES ( ABNI ) 
1717,1913116020,RECEIVABLE FROM PATIENTS ( ABNI ) 
1718,1913116022,ADVANCE TAX ( ABNI ) 
1719,1913116024,A/R : OTHERS ( ABNI ) 
1720,1913116034,GRANT RECEIVABLE ( ABNI ) 
1721,1913116040,RECEIVABLES FROM STUDENTS ( ABNI ) 
1722,1913120004,PROVISION FOR DOUBTFUL RECEIVABLES ( ABNI ) 
1723,1913120010,PROVISION FOR DOUBTFUL DEBTS ( ABNI ) 
1724,1913124004,LETTER OF CREDIT ( L/C) ( ABNI ) 
1725,1913124008,TELEGRAPHIC TRANSFERS: TT ( ABNI ) 
1726,1913128008,ADVANCES TO SUPPLIERS  (OPS) ( ABNI ) 
1727,1913132004,STAFF ADVANCE AGAINST SALARY ( ABNI ) 
1728,1913132020,STAFF LOANS ( ABNI ) 
1729,1913132024,STAFF ADVANCES ( ABNI ) 
1730,1913132028,STAFF LOANS ( ABNI ) 
1731,1913136002,PREPAID RENT ( ABNI ) 
1732,1913136004,PREPAID INSURANCE ( ABNI ) 
1733,1913136016,PREPAYMENTS : OTHERS ( ABNI ) 
1734,1913144004,CASH IN HAND ( ABNI ) 
1735,1913144008,CASH IMPREST ( ABNI ) 
1736,1913144012,BANK ACCOUNTS
1737,1921104014,LOANS FROM BANKS ( ABNI ) 
1738,1921108008,LONG TERM PAYABLES ( ABNI ) 
1739,1922104004,TRADE CREDITORS ( ABNI ) 
1740,1922108004,ACCOUNTS PAYABLE ( ABNI ) 
1741,1922108012,A/CS PAYABLE : SECURITY DEPSOIT/EARNEST MONEY ( ABNI ) 
1742,1922108032,ADVANCE AGAINST VEHICLES ( ABNI ) 
1743,1922108036,BUILDING FUND ( ABNI ) 
1744,1922116004,ACCRUED EXPENSES ( ABNI ) 
1745,1922120008,CURRENT LIABILITIES : MISC. ( ABNI ) 
1746,1922120010,SHORT TERM LOANS FROM BANKS
1747,1922120012,LONG TERM LOANS - CURRENT PORTION ( ABNI ) 
1748,1922124004,ADVANCES FROM CUSTOMERS ( ABNI ) 
1749,1922124006,ADVANCES FEE FROM STUDENTS ( ABNI ) 
1750,1922124008,DONOR FUND FOR PATIENTS ( ABNI ) 
1751,1922124012,EMPLOYEE WELFARE FUND ( ABNI ) 
1752,1922124016,EMPLOYEE DEATH CLAIM ( ABNI ) 
1753,1922124020,ADVANCES FROM PATIENTS ( ABNI ) 
1754,1931104004,GENERAL FUND ( ABNI ) 
1755,1931104008,RELEIF FUND ( ABNI ) 
1756,1931104010,INTER-UNIT TRANSFERS ( ABNI ) 
1757,1931104012,INTER-UNIT TRANSFERS (MANUAL)
1758,1961104004,OPERATING REVENUE : IPD PRIVATE ( ABNI ) 
1759,1961104008,OPERATING REVENUE : IPD GENERAL ( ABNI ) 
1760,1961104012,OPERATING REVENUE : IPD CORPORATE ( ABNI ) 
1761,1961104015,OPERATING REVENUE : OPD PRIVATE ( ABNI ) 
1762,1961104020,OPERATING REVENUE : OPD GENERAL ( ABNI ) 
1763,1961104024,OPERATING REVENUE : OPD CORPORATE ( ABNI ) 
1764,1961104028,OPERATING REVENUE : OPD PVT PROCEDURE ( ABNI ) 
1765,1961104030,OPERATING REVENUE : OPD GEN PROCEDURE ( ABNI ) 
1766,1961504004,TUITION FEE ( ABNI ) 
1767,1961504006,ACTIVITY FUND - NIU ( ABNI ) 
1768,1961504007,ALUMINI FUND - NIU ( ABNI ) 
1769,1961504008,LATE FEE ( ABNI ) 
1770,1961504010,LAB CHARGES - NIU ( ABNI ) 
1771,1961504012,FINANCIAL CHARGES ( ABNI ) 
1772,1961504016,UHS DEGREE FEE ( ABNI ) 
1773,1961504020,UHS EXAMINATION FEE ( ABNI ) 
1774,1961504024,ADMISSION FEE ( ABNI ) 
1775,1961504028,UHS 5.5% SERVICE CHARGES ( ABNI ) 
1776,1961904004,OPERATING REVENUE - PROJECT ( ABNI ) 
1777,1961904008,OPERATING REVENUE - WORKSHOP ( ABNI ) 
1778,1961904012,OPERATING REVENUE - INTERNSHIP INCOME ( ABNI ) 
1779,1961904016,OPERATING REVENUE - SHAFAKHANA INCOME ( ABNI ) 
1780,1961904020,OPERATING REVENUE - TUTION FEE ( ABNI ) 
1781,1962104024,DONATION LOCAL : OTHERS ( ABNI ) 
1782,1962112016,ZAKAT LOCAL : OTHERS ( ABNI ) 
1783,1962120004,INCOME FROM DEPOSITS : LOCAL CURRENCY A/C ( ABNI ) 
1784,1962128004,MISC. INCOME : OTHERS ( ABNI ) 
1785,1962128008,MISC. INCOME : PROFESSIONAL SERVICES ( ABNI ) 
1786,1962504004,PROSPECTUS SALE ( ABNI ) 
1787,1962504008,APPLICATION FEE ( ABNI ) 
1788,1962504012,NEW HOSTEL FEE ( ABNI ) 
1789,1962504016,INCOME OUTREACH PROGRAM ( ABNI ) 
1790,1962504020,CLINICAL TRAINING CHARGES ( ABNI )
1791,1962504024,INCOME FROM GROUP LIFE INSURANCE ( ABNI ) 
1792,1962504028,EVENT MANAGEMENT INCOME ( ABNI ) 
1793,1962504032,CONTINUING MEDICAL EDUCATION ( ABNI ) 
1794,1962504036,CME TRAINING FOR CANADIAN TRAINEES ( ABNI ) 
1795,1962504040,OTHER INCOME ( ABNI ) 
1796,1962904002,DONATION FOR EDUCATION ( ABNI ) 
1797,1962904004,DONATION : MRS. SHAHIMA REHMAN ( ABNI ) 
1798,1962904008,SADQA : MRS. SHAHIMA REHMAN ( ABNI ) 
1799,1962904012,ZAKAT: MRS. SHAHIMA REHMAN ( ABNI ) 
1800,1962904016,DONATION : OTHERS ( ABNI ) 
1801,1962904020,ZAKAT : OTHERS ( ABNI ) 
1802,1971104001,GOVT. ZAKAT MEDICINE EXPENSE ( ABNI ) 
1803,1971104004,MEDICINE & DRUGS CONSUMPTION ( ABNI ) 
1804,1971108004,NURSING & SURGICAL SUPPLIES ( ABNI ) 
1805,1971108005,PATHOLOGY SUPPLIES ( ABNI ) 
1806,1971108006,RADIOLOGY CONSUMPTION ( ABNI ) 
1807,1971108007,LINEN AND UNIFORM ( ABNI ) 
1808,1971108008,GENERAL STORE CONSUMPTION
1809,1971108009,MEDICAL GASES ( ABNI ) 
1810,1971108010,OTHER CONSUMABLES ( ABNI ) 
1811,1971108011,IOL KITS ( ABNI ) 
1812,1971108012,DENTAL SUPPLIES ( ABNI ) 
1813,1971108013,REPAIR AND MAINTENANCE SUPPLIES ( ABNI ) 
1814,1971108014,PRINTING AND STATIONERY CONSUMPTION ( ABNI ) 
1815,1971110004,CORPORATE DISCOUNT ( ABNI ) 
1816,1971110008,FINANCIAL SUPPORT ( ABNI ) 
1817,1971112004,PAYROLL: ( ABNI ) 
1818,1971112006,SOCIAL SECURITY EXPENSE
1819,1971112008,STAFF HEALTH SCHEME
1820,1971112012,INCENTIVES/BONUSES: ( ABNI ) 
1821,1971112020,P.F EMPLOYER CONTRIBUTION: ( ABNI ) 
1822,1971112023,CONTINUING MEDICAL EDUCATION ( ABNI ) 
1823,1971112024,EOBI CONTRIBUTION: ( ABNI ) 
1824,1971112030,OTHER WAGES (ABNI)
1825,1971120004,UTILITIES : DEPARTMENTAL ( ABNI ) 
1826,1971120008,UTILITIES : BILLS ( ABNI ) 
1827,1971124004,REPAIR & MAINTENANCE ( ABNI ) 
1828,1971128004,VEHICLE RUNNING : DEPARTMENTAL ( ABNI ) 
1829,1971128012,VEHICLE RUNNING : MAINTENANCE ( ABNI ) 
1830,1971132012,POSTAGE & COURIER : DEPARTMENTAL ( ABNI ) 
1831,1971136008,PRINTING & STATIONARY : STATIONERY SUPPLIES CONSUMPTION ( ABNI ) 
1832,1971140004,TRAVELING & CONVEYANCE ( ABNI ) 
1833,1971140006,TRANSPORTATION CHARGES ( ABNI ) 
1834,1971144004,PROMOTIONAL & DEVELOPMENT ( ABNI ) 
1835,1971148008,ZAKAT CAMPAIGN EXPENSES ( ABNI ) 
1836,1971148012,EVENTS AND CAMPAIGNS ( ABNI ) 
1837,1971156004,GROUP INSURANCE ( ABNI ) 
1838,1971156008,HEALTH INSURANCE ( ABNI ) 
1839,1971156012,INSURANNCE EXPENSE ( ABNI ) 
1840,1971160004,RECRUITMENT ( ABNI ) 
1841,1971160008,TRAINING ( ABNI ) 
1842,1971160009,BENEVOLENCE EXPENSE ( ABNI ) 
1843,1971168004,LEGAL AND PROFESSIONAL ( ABNI ) 
1844,1971172004,OUTSOURCED SERVICES ( ABNI ) 
1845,1971172006,CONTRACTED/OUTSOURCED SERVICES - OTHERS ( ABNI ) 
1846,1971176002,RENT -596 SHADMAN 1 ( SECURITY GUARDS ) ( ABNI ) 
1847,1971176004,RENT ( ABNI ) 
1848,1971176005,RENT -(SHAMA HOSTEL) 41 RASOOL PARK ICHHRA ( ABNI ) 
1849,1971176006,RENT -FEMALE DOCTORS HOSTAL 947 SHADMAN LAHORE ( ABNI ) 
1850,1971176007,RENT -680 SHADMAN (MALE DOCTOR/GRADUATES HOSTEL) ( ABNI ) 
1851,1971176008,TAXES ( ABNI ) 
1852,1971176012,FEES ( ABNI ) 
1853,1971178006,BAD DEBTS EXPENSE ( ABNI ) 
1854,1971180004,DEPRECIATION EXPENSE ( ABNI ) 
1855,1971180008,DEPRECIATION EXPENSE :LEASE ASSETS ( ABNI ) 
1856,1971180012,AMORTISATION OF INTANGIBLE ASSTES ( ABNI ) 
1857,1971184004,MISC EXPENSES : OTHERS ( ABNI ) 
1858,1971184005,SECURITY SERVICES (PHOENIX ARMOUR PVT LIMITED) ( ABNI ) 
1859,1971184006,"DR ASIM MALIK(EQUIPMENT USED, AUTO SONEX ETC) ( ABNI ) "
1860,1971184008,MISC EXPENSES : DEPARTMENTAL ( ABNI ) 
1861,1971184012,ENTERTAINMENT ( ABNI ) 
1862,1971184018,OUTSOURCED LAB TEST ( ABNI ) 
1863,1971504004,SCHOLARSHIP EXPENSE ( ABNI ) 
1864,1971504008,EXAMINATION EXPENSE ( ABNI ) 
1865,1971504012,OUTREACH PROGRAM EXPENSE ( ABNI ) 
1866,1971504016,FACULTY CONTINUING PROFESSIONAL DEVELOPMENT (CPD) ( ABNI ) 
1867,1971504020,STUDENTS ACTIVITY EXPENSE ( ABNI ) 
1868,1971504024,STIPEND - SWCON ( ABNI ) 
1869,1971904004,FOOD BANK ( ABNI ) 
1870,1971904008,EDUCATION FUND ( ABNI ) 
1871,1971904012,WORKSHOP EXPENSES ( ABNI ) 
1872,1971904016,DESIGNING EXPENSES ( ABNI ) 
1873,1971904020,MATERIAL PURCHASED ( ABNI ) 
1874,1971904024,LABOUR COST ( ABNI ) 
1875,1971904028,ZAKAT EXPENSES - MRS. SHAHIMA REHMAN ( ABNI ) 
1876,1971904032,DONATION EXPENSES - MRS. SHAHIMA REHMAN ( ABNI ) 
1877,1971904036,DONATION CAMPAIGN EXPENSES - OTHERS ( ABNI ) 
1878,1971904040,WELFARE & RELIEF ( ABNI ) 
1879,1971904044,INTERNSHIP PROGRAM EXPENSE ( ABNI ) 
1880,1972104012,BANK CHARGES ( ABNI ) 
1881,1972104020,MARKUP EXPENSE ( ABNI ) 
